congress,chamber,icpsr,state_icpsr,district_code,state_abbrev,party_code,occupancy,last_means,bioname,bioguide_id,born,died,nominate_dim1,nominate_dim2,nominate_log_likelihood,nominate_geo_mean_probability,nominate_number_of_votes,nominate_number_of_errors,conditional,nokken_poole_dim1,nokken_poole_dim2
115,President,99912,99,0,USA,200,0,0,"TRUMP, Donald John",,1946,,,,,,,,,,
115,House,20301,41,3,AL,200,,,"ROGERS, Mike Dennis",R000575,1958,,0.355,0.459,-102.19118,0.8974,944,64,,0.397,0.482
115,House,21102,41,7,AL,100,,,"SEWELL, Terri",S001185,1965,,-0.391,0.402,-90.4206,0.90472,903,34,,-0.398,0.356
115,House,21192,41,2,AL,200,,,"ROBY, Martha",R000591,1976,,0.362,0.657,-65.08664,0.93303,939,23,,0.41,0.596
115,House,21193,41,5,AL,200,,,"BROOKS, Mo",B001274,1954,,0.649,-0.449,-174.19517,0.82491,905,80,,0.672,-0.553
115,House,21376,41,1,AL,200,,,"BYRNE, Bradley",B001289,1955,,0.612,0.245,-63.28288,0.93595,956,19,,0.577,0.429
115,House,21500,41,6,AL,200,,,"PALMER, Gary James",P000609,1954,,0.711,-0.041,-70.63297,0.92791,944,38,,0.763,0.066
115,House,29701,41,4,AL,200,,,"ADERHOLT, Robert",A000055,1965,,0.369,0.59,-68.63515,0.92804,919,22,,0.395,0.605
115,House,14066,81,1,AK,200,,,"YOUNG, Donald Edwin",Y000033,1933,,0.284,0.022,-204.5047,0.80184,926,91,,0.277,0.315
115,House,20304,61,8,AZ,200,,,"FRANKS, Trent",F000448,1957,,0.749,0.087,-45.67247,0.91933,543,23,,0.621,-0.006
115,House,20305,61,3,AZ,100,,,"GRIJALVA, Raúl M.",G000551,1948,,-0.599,-0.256,-43.19354,0.95369,911,11,,-0.632,-0.216
115,House,21103,61,4,AZ,200,,,"GOSAR, Paul",G000565,1958,,0.677,-0.42,-170.18396,0.82943,910,87,,0.991,-0.136
115,House,21105,61,6,AZ,200,,,"SCHWEIKERT, David",S001183,1962,,0.589,-0.32,-111.95337,0.88927,954,37,,0.586,-0.294
115,House,21300,61,9,AZ,100,,,"SINEMA, Kyrsten",S001191,1976,,-0.102,0.06,-263.16404,0.74377,889,134,,-0.097,0.124
115,House,21501,61,2,AZ,200,,,"McSALLY, Martha",M001197,1966,,0.344,0.03,-141.94981,0.8597,939,84,,0.391,-0.029
115,House,21502,61,7,AZ,100,,,"GALLEGO, Ruben",G000574,1979,,-0.449,-0.013,-99.40715,0.89873,931,43,,-0.432,-0.01
115,House,21705,61,5,AZ,200,,,"BIGGS, Andrew S.",B001302,1958,,0.882,-0.471,-179.68458,0.82849,955,105,,0.991,-0.136
115,House,21739,61,1,AZ,100,,,"O'HALLERAN, Thomas C.",O000171,1946,,-0.187,0.146,-196.14268,0.81363,951,84,,-0.167,0.128
115,House,21757,61,8,AZ,200,,,"LESKO, Debbie",L000589,1958,,0.606,-0.034,-27.63113,0.89335,245,12,,0.718,-0.054
115,House,21106,42,1,AR,200,,,"CRAWFORD, Rick",C001087,1966,,0.414,0.493,-65.78682,0.93149,927,28,,0.495,0.285
115,House,21108,42,3,AR,200,,,"WOMACK, Steve",W000809,1957,,0.357,0.585,-68.10131,0.93138,958,20,,0.437,0.349
115,House,21503,42,2,AR,200,,,"HILL, French",H001072,1956,,0.454,0.226,-93.09719,0.90637,947,47,,0.494,0.204
115,House,21563,42,4,AR,200,,,"WESTERMAN, Bruce Eugene",W000821,1967,,0.551,0.352,-64.50918,0.93468,955,20,,0.59,0.174
115,House,15448,71,12,CA,100,,,"PELOSI, Nancy",P000197,1940,,-0.49,-0.206,-62.7867,0.9292,855,40,,-0.438,-0.197
115,House,15621,71,48,CA,200,,,"ROHRABACHER, Dana",R000409,1947,,0.626,-0.417,-191.72548,0.8128,925,77,,0.609,-0.549
115,House,20104,71,28,CA,100,,,"SCHIFF, Adam",S001150,1960,,-0.349,-0.129,-76.03444,0.92332,953,31,,-0.395,-0.075
115,House,20107,71,49,CA,200,,,"ISSA, Darrell",I000056,1953,,0.506,-0.085,-97.21241,0.89836,907,39,,0.451,-0.099
115,House,20108,71,53,CA,100,,,"DAVIS, Susan A.",D000598,1944,,-0.343,-0.103,-78.1334,0.91925,928,33,,-0.324,-0.287
115,House,20307,71,22,CA,200,,,"NUNES, Devin",N000181,1973,,0.449,0.215,-68.17795,0.9304,945,24,,0.374,0.492
115,House,20310,71,38,CA,100,,,"SÁNCHEZ, Linda T.",S001156,1969,,-0.508,-0.137,-59.1486,0.93851,932,22,,-0.539,0.104
115,House,20501,71,16,CA,100,,,"COSTA, Jim",C001059,1952,,-0.191,0.464,-224.14586,0.76057,819,101,,-0.2,0.483
115,House,20538,71,6,CA,100,,,"MATSUI, Doris",M001163,1944,,-0.434,-0.162,-83.55414,0.91512,942,44,,-0.403,-0.131
115,House,20702,71,9,CA,100,,,"McNERNEY, Jerry",M001166,1951,,-0.262,-0.153,-111.23847,0.88749,932,38,,-0.303,-0.272
115,House,20703,71,23,CA,200,,,"MCCARTHY, Kevin",M001165,1965,,0.458,0.212,-62.8764,0.93563,945,19,,0.464,0.25
115,House,20762,71,14,CA,100,,,"SPEIER, Karen Lorraine Jacqueline (Jackie)",S001175,1950,,-0.38,-0.444,-81.32377,0.90547,819,28,,-0.358,-0.539
115,House,20903,71,4,CA,200,,,"McCLINTOCK, Tom",M001177,1956,,0.719,-0.475,-136.52721,0.86653,953,49,,0.919,-0.395
115,House,20955,71,27,CA,100,,,"CHU, Judy",C001080,1953,,-0.487,-0.378,-58.69937,0.93928,937,22,,-0.452,-0.719
115,House,20958,71,3,CA,100,,,"GARAMENDI, John",G000559,1945,,-0.309,-0.093,-123.20183,0.87505,923,49,,-0.291,-0.111
115,House,20963,71,50,CA,200,,,"HUNTER, Duncan Duane",H001048,1976,,0.539,0.085,-119.65714,0.88024,938,47,,0.527,-0.124
115,House,21109,71,10,CA,200,,,"DENHAM, Jeff",D000612,1967,,0.306,0.212,-102.31873,0.89464,919,65,,0.238,0.535
115,House,21110,71,37,CA,100,,,"BASS, Karen",B001270,1953,,-0.585,-0.106,-55.39859,0.93899,880,15,,-0.689,0.063
115,House,21302,71,1,CA,200,,,"LaMALFA, Doug",L000578,1960,,0.53,0.088,-86.968,0.911,933,29,,0.519,0.098
115,House,21303,71,2,CA,100,,,"HUFFMAN, Jared",H001068,1964,,-0.427,-0.543,-82.80003,0.91248,904,36,,-0.431,-0.72
115,House,21304,71,7,CA,100,,,"BERA, Ami",B001287,1965,,-0.232,0.014,-138.36213,0.86539,957,68,,-0.259,0.187
115,House,21305,71,8,CA,200,,,"COOK, Paul",C001094,1943,,0.372,0.207,-90.71763,0.90956,957,32,,0.348,0.155
115,House,21306,71,15,CA,100,,,"SWALWELL, Eric",S001193,1980,,-0.368,-0.105,-107.16472,0.89004,920,51,,-0.355,-0.21
115,House,21307,71,21,CA,200,,,"VALADAO, David G.",V000129,1977,,0.253,0.411,-80.22792,0.91869,946,55,,0.248,0.687
115,House,21308,71,26,CA,100,,,"BROWNLEY, Julia",B001285,1952,,-0.286,0.052,-96.27119,0.90285,942,49,,-0.317,0.108
115,House,21309,71,29,CA,100,,,"CÁRDENAS, Tony",C001097,1963,,-0.382,0.02,-98.13124,0.8967,900,34,,-0.427,0.19
115,House,21311,71,36,CA,100,,,"RUIZ, Raul",R000599,1972,,-0.243,0.06,-129.93498,0.87279,955,60,,-0.267,0.117
115,House,21312,71,41,CA,100,,,"TAKANO, Mark",T000472,1960,,-0.463,-0.262,-68.91011,0.92895,935,32,,-0.482,-0.59
115,House,21313,71,47,CA,100,,,"LOWENTHAL, Alan",L000579,1941,,-0.45,-0.374,-69.23862,0.92658,908,34,,-0.478,-0.358
115,House,21314,71,51,CA,100,,,"VARGAS, Juan",V000130,1961,,-0.4,0.099,-88.90574,0.90911,933,30,,-0.458,0.151
115,House,21315,71,52,CA,100,,,"PETERS, Scott",P000608,1958,,-0.179,-0.046,-197.28471,0.81086,941,101,,-0.179,0.004
115,House,21504,71,11,CA,100,,,"DESAULNIER, Mark James",D000623,1952,,-0.529,-0.361,-67.21613,0.93148,947,32,,-0.565,-0.469
115,House,21505,71,25,CA,200,,,"KNIGHT, Steve",K000387,1966,,0.397,0.188,-100.68598,0.89883,944,63,,0.311,0.359
115,House,21506,71,31,CA,100,,,"AGUILAR, Peter Rey",A000371,1979,,-0.291,0.136,-107.06733,0.89299,946,50,,-0.308,0.115
115,House,21507,71,33,CA,100,,,"LIEU, Ted",L000582,1969,,-0.371,-0.263,-117.21394,0.87395,870,63,,-0.417,0.101
115,House,21508,71,35,CA,100,,,"TORRES, Norma Judith",T000474,1965,,-0.361,0.032,-90.47807,0.90814,939,41,,-0.351,0.027
115,House,21509,71,45,CA,200,,,"WALTERS, Mimi",W000820,1962,,0.433,0.177,-64.84547,0.93144,913,20,,0.522,0.131
115,House,21703,71,44,CA,100,,,"BARRAGÁN, Nanette Diaz",B001300,1976,,-0.513,0.046,-79.22146,0.91884,936,28,,-0.508,0.144
115,House,21709,71,24,CA,100,,,"CARBAJAL, Salud",C001112,1964,,-0.301,0.143,-121.07627,0.87842,934,43,,-0.297,0.187
115,House,21711,71,46,CA,100,,,"CORREA, Jose Luis",C001110,1958,,-0.281,0.305,-191.88612,0.81797,955,93,,-0.275,0.357
115,House,21728,71,17,CA,100,,,"KHANNA, Rohit",K000389,1976,,-0.577,-0.257,-71.02226,0.92782,948,29,,-0.613,-0.144
115,House,21740,71,20,CA,100,,,"PANETTA, James Varni",P000613,1969,,-0.305,0.048,-132.30588,0.87075,956,62,,-0.307,-0.032
115,House,21754,71,34,CA,100,,,"GOMEZ, Jimmy",G000585,1974,,-0.595,-0.087,-48.86274,0.92822,656,17,,-0.611,0.005
115,House,29106,71,43,CA,100,,,"WATERS, Maxine",W000187,1938,,-0.653,-0.073,-99.09815,0.89809,922,45,,-0.529,-0.209
115,House,29312,71,18,CA,100,,,"ESHOO, Anna Georges",E000215,1942,,-0.381,-0.427,-79.13895,0.91609,903,23,,-0.33,-0.545
115,House,29316,71,34,CA,100,,,"BECERRA, Xavier",B000287,1958,,-0.512,-0.283,-0.00649,0.99964,18,0,,-0.761,0.197
115,House,29317,71,40,CA,100,,,"ROYBAL-ALLARD, Lucille",R000486,1941,,-0.47,-0.186,-68.54886,0.92938,936,35,,-0.452,-0.007
115,House,29321,71,39,CA,200,,,"ROYCE, Edward Randall",R000487,1951,,0.657,-0.353,-134.2203,0.86694,940,41,,0.477,-0.171
115,House,29323,71,42,CA,200,,,"CALVERT, Ken",C000059,1953,,0.349,0.22,-69.45306,0.92936,948,14,,0.386,0.336
115,House,29504,71,19,CA,100,,,"LOFGREN, Zoe",L000397,1947,,-0.402,-0.446,-100.46219,0.89719,926,53,,-0.428,-0.281
115,House,29707,71,30,CA,100,,,"SHERMAN, Brad",S000344,1954,,-0.342,-0.148,-110.37787,0.88987,946,47,,-0.314,-0.241
115,House,29778,71,13,CA,100,,,"LEE, Barbara",L000551,1946,,-0.683,-0.588,-69.52176,0.92864,939,44,,-0.738,-0.084
115,House,29901,71,5,CA,100,,,"THOMPSON, Michael",T000460,1951,,-0.395,0.065,-103.59937,0.89564,940,42,,-0.383,-0.057
115,House,29903,71,32,CA,100,,,"NAPOLITANO, Grace Flores",N000179,1936,,-0.448,-0.249,-65.06973,0.92016,782,29,,-0.457,-0.422
115,House,20704,62,5,CO,200,,,"LAMBORN, Doug",L000564,1954,,0.679,0.197,-71.66312,0.92719,948,25,,0.641,0.02
115,House,20705,62,7,CO,100,,,"PERLMUTTER, Ed",P000593,1953,,-0.282,0.076,-122.80085,0.87492,919,68,,-0.248,-0.201
115,House,20904,62,2,CO,100,,,"POLIS, Jared",P000598,1975,,-0.278,-0.692,-126.08869,0.86199,849,46,,-0.27,-0.788
115,House,20906,62,6,CO,200,,,"COFFMAN, Mike",C001077,1955,,0.492,-0.213,-156.11568,0.8489,953,88,,0.424,-0.169
115,House,21111,62,3,CO,200,,,"TIPTON, Scott",T000470,1956,,0.449,-0.021,-124.57093,0.87638,944,76,,0.404,0.071
115,House,21510,62,4,CO,200,,,"BUCK, Kenneth Robert",B001297,1959,,0.756,-0.46,-148.44047,0.85262,931,86,,1.0,-0.03
115,House,29710,62,1,CO,100,,,"DeGETTE, Diana",D000197,1957,,-0.432,-0.313,-80.23158,0.91407,893,30,,-0.379,-0.399
115,House,20706,1,2,CT,100,,,"COURTNEY, Joe",C001069,1953,,-0.344,0.017,-96.99787,0.90245,945,46,,-0.342,-0.049
115,House,20907,1,4,CT,100,,,"HIMES, James A.",H001047,1966,,-0.242,-0.238,-114.63314,0.88565,944,49,,-0.242,-0.162
115,House,21316,1,5,CT,100,,,"ESTY, Elizabeth",E000293,1959,,-0.315,-0.078,-85.80393,0.91398,954,48,,-0.341,0.067
115,House,29109,1,3,CT,100,,,"DeLAURO, Rosa L.",D000216,1943,,-0.416,-0.118,-73.31852,0.92084,889,39,,-0.365,-0.245
115,House,29908,1,1,CT,100,,,"LARSON, John B.",L000557,1948,,-0.397,-0.051,-103.23518,0.89253,908,43,,-0.354,0.003
115,House,21706,11,1,DE,100,,,"BLUNT ROCHESTER, Lisa",B001303,1962,,-0.332,-0.116,-78.67257,0.9202,946,31,,-0.324,-0.093
115,House,15634,43,27,FL,200,,,"ROS-LEHTINEN, Ileana",R000435,1952,,0.244,-0.225,-208.93536,0.77531,821,111,,0.213,-0.19
115,House,20316,43,25,FL,200,,,"DIAZ-BALART, Mario",D000600,1961,,0.279,0.121,-99.64842,0.89236,875,48,,0.236,0.318
115,House,20504,43,23,FL,100,,,"WASSERMAN SCHULTZ, Debbie",W000797,1966,,-0.421,0.069,-90.47819,0.90385,895,61,,-0.366,-0.193
115,House,20708,43,14,FL,100,,,"CASTOR, Kathy",C001066,1966,,-0.438,0.045,-85.46387,0.91211,929,29,,-0.466,0.211
115,House,20709,43,16,FL,200,,,"BUCHANAN, Vernon G.",B001260,1951,,0.358,-0.134,-107.58028,0.88815,907,37,,0.349,-0.056
115,House,20758,43,12,FL,200,,,"BILIRAKIS, Gus",B001257,1963,,0.405,0.019,-77.01845,0.91936,916,28,,0.503,0.015
115,House,20909,43,8,FL,200,,,"POSEY, Bill",P000599,1947,,0.518,-0.32,-115.44302,0.87438,860,41,,0.57,-0.34
115,House,20910,43,17,FL,200,,,"ROONEY, Thomas J.",R000583,1970,,0.458,0.013,-107.57895,0.87939,837,33,,0.366,0.122
115,House,20959,43,22,FL,100,,,"DEUTCH, Theodore E. (Ted)",D000610,1966,,-0.4,-0.094,-88.92008,0.90522,893,48,,-0.331,-0.279
115,House,21116,43,11,FL,200,,,"WEBSTER, Daniel A.",W000806,1949,,0.506,-0.046,-76.66196,0.91565,870,27,,0.611,-0.13
115,House,21117,43,15,FL,200,,,"ROSS, Dennis",R000593,1959,,0.531,0.099,-52.02692,0.93994,840,13,,0.472,0.334
115,House,21118,43,24,FL,100,,,"WILSON, Frederica",W000808,1942,,-0.476,-0.015,-66.29126,0.92333,831,28,,-0.486,-0.031
115,House,21317,43,3,FL,200,,,"YOHO, Ted",Y000065,1955,,0.705,-0.365,-111.87447,0.88597,924,56,,0.726,-0.154
115,House,21318,43,6,FL,200,,,"DeSANTIS, Ron",D000621,1978,,0.663,-0.105,-69.4445,0.9187,819,52,,0.687,0.031
115,House,21321,43,21,FL,100,,,"FRANKEL, Lois",F000462,1948,,-0.399,-0.083,-85.44383,0.90836,889,45,,-0.362,-0.256
115,House,21512,43,26,FL,200,,,"CURBELO, Carlos",C001107,1980,,0.211,-0.185,-191.67738,0.80566,887,96,,0.24,-0.191
115,House,21712,43,13,FL,100,,,"CRIST, Charlie Joseph Jr.",C001111,1956,,-0.222,0.043,-159.77258,0.83914,911,85,,-0.21,-0.022
115,House,21713,43,10,FL,100,,,"DEMINGS, Valdez Butler",D000627,1957,,-0.338,-0.113,-84.60464,0.91453,947,33,,-0.346,-0.227
115,House,21714,43,2,FL,200,,,"DUNN, Neal Patrick",D000628,1953,,0.534,0.219,-68.82735,0.9294,940,13,,0.501,0.273
115,House,21719,43,1,FL,200,,,"GAETZ, Matthew L. II",G000578,1982,,0.623,-0.577,-203.63797,0.80008,913,101,,0.913,-0.408
115,House,21732,43,5,FL,100,,,"LAWSON, Alfred Jr.",L000586,1948,,-0.255,0.076,-129.49338,0.86417,887,57,,-0.254,0.082
115,House,21735,43,18,FL,200,,,"MAST, Brian Jeffery",M001199,1980,,0.415,-0.294,-187.72972,0.82137,954,107,,0.333,-0.137
115,House,21738,43,7,FL,100,,,"MURPHY, Stephanie",M001202,1978,,-0.156,0.08,-185.93684,0.82053,940,81,,-0.152,0.017
115,House,21742,43,19,FL,200,,,"ROONEY, Francis",R000607,1953,,0.507,-0.513,-102.93199,0.8889,874,26,,0.566,-0.3
115,House,21744,43,4,FL,200,,,"RUTHERFORD, John Henry",R000609,1952,,0.395,0.164,-67.82187,0.9271,896,29,,0.346,0.548
115,House,21746,43,9,FL,100,,,"SOTO, Darren Michael",S001200,1978,,-0.38,0.124,-85.61687,0.91442,957,29,,-0.382,0.161
115,House,29337,43,20,FL,100,,,"HASTINGS, Alcee Lamar",H000324,1936,,-0.564,0.157,-87.87817,0.90843,915,27,,-0.545,0.284
115,House,15431,44,5,GA,100,,,"LEWIS, John R.",L000287,1940,,-0.589,-0.221,-43.27693,0.95331,905,11,,-0.68,-0.013
115,House,20321,44,13,GA,100,,,"SCOTT, David",S001157,1945,,-0.301,0.164,-128.90027,0.86738,906,77,,-0.269,0.001
115,House,20505,44,6,GA,200,,,"PRICE, Tom",P000591,1954,,0.644,-0.073,-0.02153,0.98929,2,0,,0.236,0.941
115,House,20712,44,4,GA,100,,,"JOHNSON, Hank",J000288,1954,,-0.469,0.012,-118.46053,0.87906,919,72,,-0.488,-0.328
115,House,20962,44,14,GA,200,,,"GRAVES, Tom",G000560,1970,,0.716,-0.002,-96.95775,0.90336,954,68,,0.625,0.268
115,House,21122,44,7,GA,200,,,"WOODALL, Rob",W000810,1970,,0.596,-0.186,-111.22553,0.88907,946,69,,0.564,0.053
115,House,21123,44,8,GA,200,,,"SCOTT, Austin",S001189,1969,,0.569,0.192,-96.82837,0.903,949,30,,0.488,0.078
115,House,21323,44,9,GA,200,,,"COLLINS, Doug",C001093,1966,,0.611,0.129,-80.41281,0.91717,930,39,,0.516,0.242
115,House,21513,44,1,GA,200,,,"CARTER, Buddy",C001103,1957,,0.584,0.254,-74.34309,0.92365,936,51,,0.614,0.465
115,House,21514,44,10,GA,200,,,"HICE, Jody Brownlow",H001071,1960,,0.791,-0.123,-98.64806,0.90107,947,65,,0.857,-0.114
115,House,21515,44,11,GA,200,,,"LOUDERMILK, Barry D.",L000583,1963,,0.69,-0.008,-67.93926,0.9265,890,25,,0.67,-0.076
115,House,21516,44,12,GA,200,,,"ALLEN, Rick W.",A000372,1951,,0.678,0.292,-59.66894,0.939,948,20,,0.595,0.111
115,House,21717,44,3,GA,200,,,"FERGUSON, Anderson Drew IV",F000465,1967,,0.623,0.131,-71.25811,0.9281,955,16,,0.522,0.136
115,House,21752,44,6,GA,200,,,"HANDEL, Karen",H001078,1962,,0.493,0.305,-54.38725,0.9242,690,19,,0.494,0.303
115,House,29339,44,2,GA,100,,,"BISHOP, Sanford Dixon, Jr.",B000490,1947,,-0.282,0.463,-172.08808,0.8309,929,79,,-0.342,0.5
115,House,21124,82,1,HI,100,,,"HANABUSA, Colleen",H001050,1951,,-0.37,0.004,-84.1993,0.90462,840,42,,-0.359,0.023
115,House,21324,82,2,HI,100,,,"GABBARD, Tulsi",G000571,1981,,-0.278,-0.262,-126.34495,0.8701,908,52,,-0.295,-0.544
115,House,21125,63,1,ID,200,,,"LABRADOR, Raúl R.",L000573,1967,,0.735,-0.571,-121.02518,0.86247,818,46,,1.0,-0.03
115,House,29910,63,2,ID,200,,,"SIMPSON, Michael K.",S001148,1950,,0.297,0.285,-67.82526,0.9287,917,21,,0.271,0.395
115,House,20508,21,3,IL,100,,,"LIPINSKI, Daniel",L000563,1966,,-0.228,0.176,-164.80193,0.83697,926,72,,-0.194,-0.022
115,House,20715,21,6,IL,200,,,"ROSKAM, Peter",R000580,1961,,0.429,0.018,-129.50472,0.86653,904,65,,0.303,0.112
115,House,20749,21,11,IL,100,,,"FOSTER, Bill",F000454,1955,,-0.228,-0.225,-102.42583,0.89718,944,39,,-0.283,-0.255
115,House,20954,21,5,IL,100,,,"QUIGLEY, Mike",Q000023,1958,,-0.321,-0.281,-71.5171,0.92552,924,31,,-0.351,-0.131
115,House,21128,21,16,IL,200,,,"KINZINGER, Adam",K000378,1978,,0.276,0.306,-99.87606,0.8994,942,67,,0.25,0.555
115,House,21129,21,14,IL,200,,,"HULTGREN, Randy",H001059,1966,,0.49,-0.034,-87.46054,0.91024,930,27,,0.45,-0.0
115,House,21326,21,10,IL,100,,,"SCHNEIDER, Brad",S001190,1961,,-0.173,-0.199,-171.67942,0.83435,948,78,,-0.14,-0.209
115,House,21328,21,13,IL,200,,,"DAVIS, Rodney",D000619,1970,,0.276,0.173,-95.60745,0.90109,918,46,,0.27,0.289
115,House,21329,21,17,IL,100,,,"BUSTOS, Cheri",B001286,1961,,-0.238,0.036,-115.43836,0.88603,954,50,,-0.234,-0.11
115,House,21371,21,2,IL,100,,,"KELLY, Robin L.",K000385,1956,,-0.46,-0.004,-63.62368,0.93401,932,30,,-0.505,0.028
115,House,21519,21,12,IL,200,,,"BOST, Mike",B001295,1960,,0.274,0.5,-80.31099,0.9191,952,53,,0.239,0.701
115,House,21562,21,18,IL,200,,,"LaHOOD, Darin",L000585,1968,,0.466,0.155,-97.56507,0.90259,952,64,,0.47,0.118
115,House,21730,21,8,IL,100,,,"KRISHNAMOORTHI, S. Raja",K000391,1973,,-0.316,-0.106,-78.12328,0.92153,956,30,,-0.313,-0.182
115,House,29346,21,1,IL,100,,,"RUSH, Bobby L.",R000515,1946,,-0.478,-0.203,-93.20432,0.88387,755,40,,-0.484,-0.066
115,House,29348,21,4,IL,100,,,"GUTIÉRREZ, Luis V.",G000535,1953,,-0.487,-0.26,-86.59678,0.90104,831,42,,-0.572,-0.124
115,House,29717,21,7,IL,100,,,"DAVIS, Danny K.",D000096,1941,,-0.486,-0.263,-59.24072,0.93321,857,28,,-0.434,-0.481
115,House,29718,21,15,IL,200,,,"SHIMKUS, John M.",S000364,1958,,0.375,0.153,-83.28259,0.91624,952,25,,0.327,0.259
115,House,29911,21,9,IL,100,,,"SCHAKOWSKY, Janice D.",S001145,1944,,-0.606,-0.269,-51.00951,0.94767,949,12,,-0.714,-0.107
115,House,15124,22,1,IN,100,,,"VISCLOSKY, Peter",V000108,1949,,-0.402,0.244,-100.61105,0.89704,926,33,,-0.399,0.097
115,House,20757,22,7,IN,100,,,"CARSON, André",C001072,1974,,-0.431,0.06,-111.94924,0.8867,931,51,,-0.437,-0.05
115,House,21131,22,4,IN,200,,,"ROKITA, Todd",R000592,1970,,0.602,-0.16,-107.54672,0.89024,925,58,,0.694,-0.11
115,House,21132,22,8,IN,200,,,"BUCSHON, Larry",B001275,1962,,0.405,0.256,-85.05682,0.91436,950,39,,0.363,0.212
115,House,21330,22,2,IN,200,,,"WALORSKI, Jackie",W000813,1963,,0.427,0.32,-70.91991,0.92814,951,22,,0.484,0.212
115,House,21331,22,5,IN,200,,,"BROOKS, Susan",B001284,1960,,0.353,0.217,-78.65258,0.92054,950,23,,0.373,0.156
115,House,21332,22,6,IN,200,,,"MESSER, Luke",M001189,1969,,0.563,-0.086,-74.26984,0.9202,893,24,,0.589,-0.109
115,House,21702,22,3,IN,200,,,"BANKS, James E.",B001299,1979,,0.637,0.012,-67.44523,0.93174,954,23,,0.653,-0.052
115,House,21725,22,9,IN,200,,,"HOLLINGSWORTH, Joseph Albert III",H001074,1983,,0.411,-0.237,-127.91683,0.87137,929,43,,0.467,-0.175
115,House,20325,31,4,IA,200,,,"KING, Steve",K000362,1949,,0.613,0.176,-156.16132,0.84738,943,40,,0.54,-0.196
115,House,20720,31,2,IA,100,,,"LOEBSACK, Dave",L000565,1952,,-0.276,-0.027,-118.96839,0.88136,942,72,,-0.263,0.095
115,House,21520,31,1,IA,200,,,"BLUM, Rod",B001294,1955,,0.527,-0.488,-262.21396,0.75107,916,105,,0.538,-0.554
115,House,21521,31,3,IA,200,,,"YOUNG, David",Y000066,1968,,0.442,-0.038,-113.41718,0.88835,958,35,,0.439,-0.117
115,House,20915,32,2,KS,200,,,"JENKINS, Lynn",J000290,1963,,0.523,0.004,-92.63139,0.90209,899,61,,0.5,0.31
115,House,21135,32,3,KS,200,,,"YODER, Kevin",Y000063,1976,,0.558,0.03,-107.36017,0.89239,943,67,,0.487,0.234
115,House,21136,32,4,KS,200,,,"POMPEO, Mike",P000602,1963,,0.66,0.164,-5e-05,0.99995,1,0,,0.572,0.82
115,House,21734,32,1,KS,200,,,"MARSHALL, Roger Wayne",M001198,1960,,0.529,0.143,-83.79953,0.91599,955,36,,0.494,0.197
115,House,21750,32,4,KS,200,,,"ESTES, Ron",E000298,1956,,0.605,0.087,-61.4596,0.92232,760,11,,0.549,0.086
115,House,14854,51,5,KY,200,,,"ROGERS, Harold Dallas (Hal)",R000395,1937,,0.337,0.11,-65.7952,0.92889,892,17,,0.335,0.524
115,House,20723,51,3,KY,100,,,"YARMUTH, John",Y000062,1947,,-0.379,-0.272,-65.18005,0.93238,931,22,,-0.365,-0.474
115,House,20916,51,2,KY,200,,,"GUTHRIE, Brett",G000558,1964,,0.419,0.274,-69.37729,0.92979,953,21,,0.534,0.231
115,House,21333,51,6,KY,200,,,"BARR, Garland H. (Andy) IV",B001282,1973,,0.492,0.296,-76.98727,0.92152,942,33,,0.547,0.321
115,House,21565,51,1,KY,200,,,"COMER, James",C001108,1972,,0.635,-0.007,-100.4201,0.90019,955,49,,0.597,-0.046
115,House,31102,51,4,KY,200,,,"MASSIE, Thomas",M001184,1971,,0.681,-0.732,-417.62119,0.64459,951,173,,0.644,-0.765
115,House,20759,45,1,LA,200,,,"SCALISE, Steve",S001176,1965,,0.563,0.154,-36.174,0.94635,656,6,,0.542,0.077
115,House,21137,45,2,LA,100,,,"RICHMOND, Cedric",R000588,1973,,-0.486,0.332,-100.99611,0.88759,847,41,,-0.58,0.416
115,House,21522,45,5,LA,200,,,"ABRAHAM, Ralph",A000374,1954,,0.541,0.257,-85.71075,0.91373,950,25,,0.543,0.074
115,House,21523,45,6,LA,200,,,"GRAVES, Garret",G000577,1972,,0.463,-0.073,-120.98541,0.87887,937,66,,0.525,-0.098
115,House,21724,45,3,LA,200,,,"HIGGINS, Clay",H001077,1961,,0.574,-0.118,-72.45521,0.92536,934,24,,0.531,0.062
115,House,21727,45,4,LA,200,,,"JOHNSON, Mike",J000299,1972,,0.559,-0.072,-90.2446,0.90901,946,30,,0.575,-0.149
115,House,20920,2,1,ME,100,,,"PINGREE, Chellie",P000597,1955,,-0.421,-0.401,-66.92345,0.93121,939,23,,-0.382,-0.444
115,House,21524,2,2,ME,200,,,"POLIQUIN, Bruce Lee",P000611,1953,,0.36,-0.182,-158.12846,0.84681,951,81,,0.338,-0.036
115,House,14873,52,5,MD,100,,,"HOYER, Steny Hamilton",H000874,1939,,-0.38,0.117,-76.31291,0.91956,910,21,,-0.441,0.169
115,House,20329,52,2,MD,100,,,"RUPPERSBERGER, C. A. (Dutch)",R000576,1946,,-0.295,0.133,-125.78404,0.8745,938,63,,-0.254,-0.081
115,House,20724,52,3,MD,100,,,"SARBANES, John",S001168,1962,,-0.468,-0.074,-66.18439,0.93264,949,23,,-0.523,0.159
115,House,21139,52,1,MD,200,,,"HARRIS, Andy",H001052,1957,,0.655,-0.378,-134.52254,0.8656,932,49,,0.711,-0.459
115,House,21334,52,6,MD,100,,,"DELANEY, John",D000620,1963,,-0.276,0.041,-105.64892,0.89294,933,51,,-0.282,0.111
115,House,21707,52,4,MD,100,,,"BROWN, Anthony Gregory",B001304,1961,,-0.335,-0.133,-80.55319,0.9159,917,29,,-0.342,-0.171
115,House,21741,52,8,MD,100,,,"RASKIN, Jamie Ben",R000606,1962,,-0.547,-0.251,-69.57392,0.92952,952,29,,-0.552,-0.183
115,House,29587,52,7,MD,100,,,"CUMMINGS, Elijah Eugene",C000984,1951,,-0.438,-0.148,-49.41925,0.92602,643,26,,-0.46,-0.142
115,House,15616,3,1,MA,100,,,"NEAL, Richard Edmund",N000015,1949,,-0.417,-0.11,-74.3865,0.92321,931,29,,-0.446,0.148
115,House,20119,3,8,MA,100,,,"LYNCH, Stephen F.",L000562,1955,,-0.35,0.037,-137.24027,0.86294,931,57,,-0.376,0.244
115,House,20754,3,3,MA,100,,,"TSONGAS, Nicola S. (Niki)",T000465,1946,,-0.396,-0.199,-64.09341,0.92818,860,23,,-0.349,-0.39
115,House,21140,3,9,MA,100,,,"KEATING, William R.",K000375,1952,,-0.329,-0.132,-100.66074,0.89517,909,56,,-0.328,0.043
115,House,21335,3,4,MA,100,,,"KENNEDY, Joseph P. III",K000379,1980,,-0.422,-0.198,-68.719,0.92472,878,26,,-0.387,-0.356
115,House,21375,3,5,MA,100,,,"CLARK, Katherine M.",C001101,1963,,-0.484,-0.375,-64.85485,0.93306,936,35,,-0.495,-0.282
115,House,21525,3,6,MA,100,,,"MOULTON, Seth",M001196,1978,,-0.286,-0.062,-103.61098,0.89521,936,41,,-0.273,-0.301
115,House,29729,3,2,MA,100,,,"McGOVERN, James P.",M000312,1959,,-0.539,-0.301,-62.76335,0.93561,943,34,,-0.652,-0.125
115,House,29919,3,7,MA,100,,,"CAPUANO, Michael Everett",C001037,1952,,-0.58,-0.082,-69.97069,0.92615,912,23,,-0.576,-0.034
115,House,10713,23,13,MI,100,,,"CONYERS, John, Jr.",C000714,1929,,-0.658,-0.512,-33.52608,0.93881,531,15,,-0.601,-0.337
115,House,15033,23,9,MI,100,,,"LEVIN, Sander Martin",L000263,1931,,-0.379,-0.091,-70.93397,0.92842,955,31,,-0.435,-0.012
115,House,15446,23,6,MI,200,,,"UPTON, Frederick Stephen",U000031,1953,,0.334,-0.382,-183.35975,0.82261,939,85,,0.291,-0.023
115,House,20725,23,7,MI,200,,,"WALBERG, Tim",W000798,1951,,0.517,0.071,-82.47229,0.91743,957,52,,0.535,0.446
115,House,21142,23,2,MI,200,,,"HUIZENGA, Bill",H001058,1969,,0.581,-0.082,-77.19214,0.91985,924,38,,0.606,0.307
115,House,21143,23,3,MI,200,,,"AMASH, Justin",A000367,1980,,0.654,-0.757,-567.42775,0.55202,955,271,,0.558,-0.83
115,House,21372,23,5,MI,100,,,"KILDEE, Dan",K000380,1958,,-0.396,-0.218,-78.47537,0.92063,949,29,,-0.351,-0.418
115,House,21526,23,4,MI,200,,,"MOOLENAAR, John",M001194,1961,,0.396,0.424,-74.07167,0.92544,956,30,,0.349,0.484
115,House,21527,23,8,MI,200,,,"BISHOP, Michael Dean",B001293,1967,,0.451,0.095,-94.98035,0.9035,936,56,,0.476,0.048
115,House,21528,23,11,MI,200,,,"TROTT, David A.",T000475,1960,,0.369,0.257,-73.98194,0.92075,896,20,,0.364,0.19
115,House,21529,23,12,MI,100,,,"DINGELL, Debbie",D000624,1953,,-0.408,-0.147,-65.14367,0.93346,946,28,,-0.37,-0.266
115,House,21530,23,14,MI,100,,,"LAWRENCE, Brenda L",L000581,1954,,-0.445,-0.027,-70.01778,0.92837,942,34,,-0.436,-0.011
115,House,21704,23,1,MI,200,,,"BERGMAN, John",B001301,1947,,0.429,0.069,-117.01186,0.88377,947,73,,0.427,0.032
115,House,21737,23,10,MI,200,,,"MITCHELL, Paul",M001201,1961,,0.422,0.311,-73.19444,0.926,952,28,,0.429,0.355
115,House,21764,23,13,MI,100,,,"JONES, Brenda",J000303,1959,,-0.565,0.449,-0.38816,0.98831,33,0,,-0.569,0.455
115,House,14263,33,8,MN,100,,,"NOLAN, Richard Michael",N000127,1943,,-0.372,-0.372,-164.80005,0.82939,881,80,,-0.36,0.096
115,House,20122,33,4,MN,100,,,"McCOLLUM, Betty",M001143,1954,,-0.418,-0.189,-87.50904,0.91147,944,42,,-0.359,-0.413
115,House,20726,33,1,MN,100,,,"WALZ, Tim",W000799,1964,,-0.275,0.131,-103.42569,0.85735,672,56,,-0.291,-0.122
115,House,20727,33,5,MN,100,,,"ELLISON, Keith",E000288,1963,,-0.537,-0.58,-70.82184,0.91687,816,21,,-0.551,-0.8
115,House,20924,33,3,MN,200,,,"PAULSEN, Erik",P000594,1965,,0.402,-0.191,-166.93075,0.83901,951,92,,0.328,-0.043
115,House,21531,33,6,MN,200,,,"EMMER, Thomas Earl II",E000294,1961,,0.461,-0.062,-119.87281,0.88134,949,60,,0.456,-0.049
115,House,21733,33,2,MN,200,,,"LEWIS, Jason Mark",L000587,1955,,0.506,-0.197,-106.18645,0.89329,941,35,,0.506,-0.197
115,House,29127,33,7,MN,100,,,"PETERSON, Collin Clark",P000258,1944,,-0.148,0.712,-285.12105,0.73326,919,130,,-0.218,0.834
115,House,20925,46,3,MS,200,,,"HARPER, Gregg",H001045,1956,,0.384,0.48,-64.82468,0.93211,922,15,,0.402,0.417
115,House,21148,46,4,MS,200,,,"PALAZZO, Steven",P000601,1970,,0.524,0.528,-78.66022,0.9164,901,42,,0.47,0.371
115,House,21561,46,1,MS,200,,,"KELLY, Trent",K000388,1966,,0.627,0.252,-74.34634,0.92495,953,29,,0.618,0.089
115,House,29368,46,2,MS,100,,,"THOMPSON, Bennie",T000193,1948,,-0.516,0.399,-55.15215,0.9403,896,14,,-0.566,0.466
115,House,20124,34,6,MO,200,,,"GRAVES, Samuel",G000546,1963,,0.443,0.173,-87.17049,0.90549,878,64,,0.415,0.534
115,House,20147,34,1,MO,100,,,"CLAY, William Lacy, Jr.",C001049,1956,,-0.481,-0.079,-101.47547,0.89557,920,59,,-0.395,-0.273
115,House,20517,34,5,MO,100,,,"CLEAVER, Emanuel, II",C001061,1944,,-0.453,0.014,-74.39767,0.91759,865,36,,-0.466,0.053
115,House,20926,34,3,MO,200,,,"LUETKEMEYER, Blaine",L000569,1952,,0.438,0.26,-71.9577,0.92698,949,20,,0.44,0.301
115,House,21149,34,4,MO,200,,,"HARTZLER, Vicky",H001053,1960,,0.464,0.323,-77.09537,0.92102,937,36,,0.468,0.375
115,House,21150,34,7,MO,200,,,"LONG, Billy",L000576,1955,,0.547,0.24,-72.36188,0.92037,872,24,,0.472,0.15
115,House,21337,34,2,MO,200,,,"WAGNER, Ann",W000812,1962,,0.441,0.14,-68.12026,0.92863,920,23,,0.562,0.159
115,House,21373,34,8,MO,200,,,"SMITH, Jason",S001195,1980,,0.598,0.197,-76.76564,0.92158,940,43,,0.699,0.436
115,House,21532,64,1,MT,200,,,"ZINKE, Ryan",Z000018,1961,,0.412,-0.097,-0.05424,0.99699,18,0,,0.539,0.532
115,House,21751,64,1,MT,200,,,"GIANFORTE, Greg",G000584,1961,,0.434,0.073,-78.22538,0.8934,694,30,,0.423,0.06
115,House,20518,35,1,NE,200,,,"FORTENBERRY, Jeff",F000449,1960,,0.301,-0.061,-124.35191,0.87547,935,48,,0.284,0.022
115,House,20729,35,3,NE,200,,,"SMITH, Adrian",S001172,1970,,0.517,0.189,-77.50592,0.9202,932,26,,0.512,0.095
115,House,21701,35,2,NE,200,,,"BACON, Donald J.",B001298,1963,,0.401,-0.102,-105.26867,0.89584,957,34,,0.432,-0.058
115,House,20927,65,1,NV,100,,,"TITUS, Alice (Dina)",T000468,1950,,-0.302,-0.216,-99.36251,0.89436,890,32,,-0.349,-0.314
115,House,21196,65,2,NV,200,,,"AMODEI, Mark E.",A000369,1958,,0.383,0.196,-96.80066,0.90145,933,30,,0.322,0.328
115,House,21729,65,4,NV,100,,,"KIHUEN, Ruben Jesus",K000390,1980,,-0.397,0.226,-98.52466,0.90019,937,40,,-0.397,0.226
115,House,21743,65,3,NV,100,,,"ROSEN, Jacklyn Sheryl",R000608,1957,,-0.281,0.287,-176.09615,0.82493,915,82,,-0.244,0.213
115,House,20731,4,1,NH,100,,,"SHEA-PORTER, Carol",S001170,1952,,-0.315,-0.131,-99.52711,0.89476,895,38,,-0.302,-0.213
115,House,21340,4,2,NH,100,,,"KUSTER, Ann McLane",K000382,1956,,-0.255,-0.125,-112.37275,0.88514,921,52,,-0.236,-0.153
115,House,14863,12,4,NJ,200,,,"SMITH, Christopher Henry",S000522,1953,,0.164,-0.168,-217.82396,0.79548,952,68,,0.231,-0.202
115,House,15454,12,6,NJ,100,,,"PALLONE, Frank, Jr.",P000034,1951,,-0.404,-0.164,-94.34038,0.90612,957,55,,-0.633,0.09
115,House,20542,12,8,NJ,100,,,"SIRES, Albio",S001165,1951,,-0.405,0.094,-87.88327,0.90946,926,27,,-0.434,0.21
115,House,20929,12,7,NJ,200,,,"LANCE, Leonard",L000567,1952,,0.329,-0.237,-223.3813,0.79163,956,125,,0.262,-0.194
115,House,21536,12,1,NJ,100,,,"NORCROSS, Donald",N000188,1958,,-0.426,0.325,-101.40006,0.89774,940,42,,-0.472,0.485
115,House,21537,12,3,NJ,200,,,"MacARTHUR, Thomas Charles",M001193,1960,,0.206,0.274,-131.27432,0.87068,948,76,,0.204,0.291
115,House,21538,12,12,NJ,100,,,"WATSON COLEMAN, Bonnie",W000822,1945,,-0.626,-0.137,-66.57352,0.93184,943,21,,-0.721,0.099
115,House,21723,12,5,NJ,100,,,"GOTTHEIMER, Josh S.",G000583,1975,,-0.141,0.212,-218.92701,0.79418,950,98,,-0.135,0.123
115,House,29539,12,2,NJ,200,,,"LoBIONDO, Frank A.",L000554,1946,,0.211,-0.224,-221.30431,0.79219,950,107,,0.2,-0.07
115,House,29541,12,11,NJ,200,,,"FRELINGHUYSEN, Rodney P.",F000372,1946,,0.292,-0.262,-163.62492,0.84024,940,59,,0.34,0.01
115,House,29741,12,9,NJ,100,,,"PASCRELL, William J., Jr.",P000096,1937,,-0.367,-0.005,-92.66962,0.90516,930,41,,-0.374,-0.138
115,House,31103,12,10,NJ,100,,,"PAYNE, Donald, Jr.",P000604,1958,,-0.516,-0.098,-62.37498,0.93135,877,21,,-0.563,0.108
115,House,20337,66,2,NM,200,,,"PEARCE, Stevan",P000588,1947,,0.472,0.064,-131.691,0.86374,899,76,,0.475,0.077
115,House,20932,66,3,NM,100,,,"LUJÁN, Ben Ray",L000570,1972,,-0.367,0.013,-105.95191,0.89478,953,46,,-0.347,-0.15
115,House,21341,66,1,NM,100,,,"LUJAN GRISHAM, Michelle",L000580,1959,,-0.313,0.047,-125.69163,0.86952,899,67,,-0.267,-0.198
115,House,15444,13,25,NY,100,,,"SLAUGHTER, Louise McIntosh",S000480,1929,2018.0,-0.465,-0.104,-44.86097,0.92749,596,11,,-0.517,0.082
115,House,15603,13,16,NY,100,,,"ENGEL, Eliot Lance",E000179,1947,,-0.408,-0.093,-98.19301,0.89845,917,50,,-0.408,-0.199
115,House,15612,13,17,NY,100,,,"LOWEY, Nita M.",L000480,1937,,-0.389,-0.152,-78.09328,0.92084,947,29,,-0.409,-0.103
115,House,20519,13,26,NY,100,,,"HIGGINS, Brian",H001038,1959,,-0.347,-0.032,-98.62957,0.89948,931,41,,-0.37,-0.028
115,House,20733,13,9,NY,100,,,"CLARKE, Yvette Diane",C001067,1964,,-0.614,-0.206,-63.78657,0.9348,946,26,,-0.66,-0.051
115,House,20934,13,20,NY,100,,,"TONKO, Paul",T000469,1949,,-0.42,-0.265,-54.42117,0.94195,910,21,,-0.436,-0.19
115,House,21101,13,23,NY,200,,,"REED, Thomas W. II",R000585,1971,,0.278,0.112,-124.61214,0.87597,941,73,,0.243,0.23
115,House,21342,13,6,NY,100,,,"MENG, Grace",M001188,1975,,-0.377,-0.17,-81.35623,0.91734,943,28,,-0.385,-0.247
115,House,21343,13,8,NY,100,,,"JEFFRIES, Hakeem",J000294,1970,,-0.488,-0.091,-78.60913,0.91785,917,43,,-0.492,-0.106
115,House,21344,13,18,NY,100,,,"MALONEY, Sean Patrick",M001185,1966,,-0.238,0.122,-129.98842,0.86929,928,58,,-0.293,0.246
115,House,21345,13,27,NY,200,,,"COLLINS, Chris",C001092,1950,,0.357,0.236,-69.77038,0.92704,921,16,,0.355,0.323
115,House,21539,13,1,NY,200,,,"ZELDIN, Lee M",Z000017,1980,,0.388,-0.132,-142.06714,0.8589,934,73,,0.415,-0.168
115,House,21540,13,4,NY,100,,,"RICE, Kathleen Maura",R000602,1965,,-0.285,0.027,-115.36149,0.88263,924,55,,-0.31,0.127
115,House,21541,13,21,NY,200,,,"STEFANIK, Elise M",S001196,1984,,0.222,0.002,-143.52455,0.86046,955,56,,0.242,-0.08
115,House,21542,13,24,NY,200,,,"KATKO, John",K000386,1962,,0.2,-0.004,-161.53507,0.84055,930,76,,0.227,-0.009
115,House,21560,13,11,NY,200,,,"DONOVAN, Daniel M., Jr.",D000625,1956,,0.227,0.095,-139.79283,0.86168,939,51,,0.24,0.04
115,House,21715,13,13,NY,100,,,"ESPAILLAT, Adriano J.",E000297,1954,,-0.615,-0.142,-65.73494,0.93328,952,23,,-0.623,-0.046
115,House,21716,13,19,NY,200,,,"FASO, John J.",F000464,1952,,0.234,-0.008,-160.99512,0.84471,954,78,,0.234,-0.008
115,House,21747,13,3,NY,100,,,"SUOZZI, Thomas",S001201,1962,,-0.212,0.084,-187.50758,0.81758,931,79,,-0.2,0.057
115,House,21749,13,22,NY,200,,,"TENNEY, Claudia",T000478,1961,,0.275,0.508,-92.59113,0.90732,952,54,,0.275,0.508
115,House,21761,13,25,NY,100,,,"MORELLE, Joseph D.",M001206,1957,,-0.334,0.107,-1.40415,0.96276,37,0,,-0.568,0.317
115,House,29134,13,15,NY,100,,,"SERRANO, José E.",S000248,1943,,-0.491,-0.377,-78.54961,0.92104,955,42,,-0.549,-0.216
115,House,29375,13,2,NY,200,,,"KING, Peter T.",K000210,1944,,0.259,-0.031,-133.58288,0.86512,922,49,,0.239,0.033
115,House,29377,13,10,NY,100,,,"NADLER, Jerrold Lewis",N000002,1947,,-0.509,-0.506,-57.83271,0.94021,938,22,,-0.497,-0.561
115,House,29378,13,7,NY,100,,,"VELÁZQUEZ, Nydia M.",V000081,1953,,-0.547,-0.339,-72.73276,0.92547,939,48,,-0.597,-0.134
115,House,29379,13,12,NY,100,,,"MALONEY, Carolyn Bosher",M000087,1946,,-0.387,-0.28,-89.0764,0.90829,926,44,,-0.419,-0.19
115,House,29776,13,5,NY,100,,,"MEEKS, Gregory W.",M001137,1953,,-0.413,-0.075,-118.48581,0.87891,918,55,,-0.339,-0.082
115,House,29925,13,14,NY,100,,,"CROWLEY, Joseph",C001038,1962,,-0.412,-0.07,-69.85749,0.92443,889,29,,-0.509,0.022
115,House,15438,47,4,NC,100,,,"PRICE, David Eugene",P000523,1940,,-0.343,-0.03,-74.77871,0.92369,942,28,,-0.439,-0.001
115,House,20340,47,1,NC,100,,,"BUTTERFIELD, George Kenneth, Jr. (G.K.)",B001251,1947,,-0.404,0.182,-84.02047,0.91281,921,46,,-0.383,-0.143
115,House,20521,47,5,NC,200,,,"FOXX, Virginia Ann",F000450,1943,,0.63,0.129,-134.60523,0.86892,958,76,,0.537,0.07
115,House,20522,47,10,NC,200,,,"McHENRY, Patrick T.",M001156,1975,,0.552,0.079,-79.68468,0.91897,943,21,,0.469,0.103
115,House,21346,47,8,NC,200,,,"HUDSON, Richard",H001067,1971,,0.581,0.11,-83.60689,0.91081,895,58,,0.7,0.188
115,House,21347,47,9,NC,200,,,"PITTENGER, Robert",P000606,1948,,0.561,0.333,-68.88374,0.92687,907,47,,0.592,0.465
115,House,21348,47,11,NC,200,,,"MEADOWS, Mark",M001187,1959,,0.605,-0.201,-97.20759,0.90045,927,30,,0.618,-0.258
115,House,21349,47,2,NC,200,,,"HOLDING, George E.B.",H001065,1968,,0.606,0.154,-81.46354,0.91757,947,56,,0.626,0.262
115,House,21543,47,6,NC,200,,,"WALKER, Bradley Mark",W000819,1969,,0.64,0.017,-76.1795,0.92192,937,28,,0.607,-0.078
115,House,21544,47,7,NC,200,,,"ROUZER, David",R000603,1972,,0.574,0.15,-80.16384,0.91916,951,53,,0.609,0.382
115,House,21545,47,12,NC,100,,,"ADAMS, Alma",A000370,1946,,-0.466,0.015,-58.47749,0.93956,938,25,,-0.465,0.028
115,House,21708,47,13,NC,200,,,"BUDD, Theodore Paul",B001305,1971,,0.667,-0.11,-75.1927,0.92421,954,27,,0.709,-0.103
115,House,29546,47,3,NC,200,,,"JONES, Walter Beaman, Jr.",J000255,1943,,0.244,-0.362,-854.17148,0.34654,806,380,,0.293,-0.956
115,House,21350,36,1,ND,200,,,"CRAMER, Kevin",C001096,1961,,0.388,0.287,-67.5005,0.92805,904,20,,0.43,0.301
115,House,15029,24,9,OH,100,,,"KAPTUR, Marcia Carolyn (Marcy)",K000009,1946,,-0.35,0.109,-136.62453,0.86512,943,71,,-0.362,-0.042
115,House,20130,24,12,OH,200,,,"TIBERI, Patrick (Pat)",T000462,1962,,0.386,-0.026,-60.26094,0.89253,530,24,,0.269,0.552
115,House,20342,24,10,OH,200,,,"TURNER, Michael R.",T000463,1960,,0.271,0.208,-99.47764,0.89948,939,59,,0.242,0.465
115,House,20343,24,13,OH,100,,,"RYAN, Timothy J.",R000577,1973,,-0.403,0.213,-94.15519,0.90077,901,34,,-0.414,0.238
115,House,20738,24,4,OH,200,,,"JORDAN, Jim",J000289,1964,,0.718,-0.219,-128.70329,0.8714,935,76,,1.0,-0.03
115,House,20755,24,5,OH,200,,,"LATTA, Robert E.",L000566,1956,,0.518,0.261,-67.01641,0.93244,958,33,,0.558,0.282
115,House,20941,24,11,OH,100,,,"FUDGE, Marcia L.",F000455,1952,,-0.582,0.14,-71.05394,0.92606,925,24,,-0.613,0.46
115,House,21162,24,6,OH,200,,,"JOHNSON, Bill",J000292,1954,,0.431,0.283,-89.22259,0.91018,948,63,,0.375,0.404
115,House,21163,24,15,OH,200,,,"STIVERS, Steve",S001187,1965,,0.298,0.271,-84.82084,0.90968,896,53,,0.262,0.491
115,House,21164,24,16,OH,200,,,"RENACCI, Jim",R000586,1958,,0.387,0.143,-107.22367,0.88455,874,62,,0.423,0.174
115,House,21165,24,7,OH,200,,,"GIBBS, Bob",G000563,1954,,0.472,0.322,-72.70827,0.9264,951,37,,0.54,0.334
115,House,21351,24,2,OH,200,,,"WENSTRUP, Brad",W000815,1958,,0.551,0.189,-79.33439,0.91956,946,36,,0.585,0.167
115,House,21352,24,3,OH,100,,,"BEATTY, Joyce",B001281,1950,,-0.43,0.06,-85.65132,0.90922,900,44,,-0.404,0.085
115,House,21353,24,14,OH,200,,,"JOYCE, David",J000295,1957,,0.265,0.267,-109.01895,0.8906,941,56,,0.23,0.389
115,House,21564,24,8,OH,200,,,"DAVIDSON, Warren",D000626,1970,,0.703,-0.362,-109.39108,0.89113,949,42,,0.88,-0.193
115,House,21759,24,12,OH,200,,,"BALDERSON, Troy",B001306,1962,,0.418,0.474,-1.34698,0.97743,59,0,,0.306,0.53
115,House,29550,24,1,OH,200,,,"CHABOT, Steve",C000266,1953,,0.572,-0.208,-65.9823,0.93331,956,20,,0.645,0.004
115,House,20344,53,4,OK,200,,,"COLE, Tom",C001053,1949,,0.331,0.361,-105.63793,0.8937,940,28,,0.285,0.396
115,House,21354,53,1,OK,200,,,"BRIDENSTINE, Jim",B001283,1975,,0.689,-0.157,-29.48709,0.93417,433,6,,0.623,-0.253
115,House,21355,53,2,OK,200,,,"MULLIN, Markwayne",M001190,1977,,0.514,0.363,-77.94938,0.92098,947,22,,0.562,0.291
115,House,21546,53,5,OK,200,,,"RUSSELL, Steve",R000604,1963,,0.473,-0.183,-151.96706,0.84835,924,45,,0.51,-0.348
115,House,21760,53,1,OK,200,,,"HERN, Kevin",H001082,1961,,0.682,0.043,-7.91868,0.80733,37,4,,0.418,-0.176
115,House,29393,53,3,OK,200,,,"LUCAS, Frank D.",L000491,1960,,0.362,0.417,-70.20574,0.92898,953,19,,0.388,0.372
115,House,15410,72,4,OR,100,,,"DeFAZIO, Peter Anthony",D000191,1947,,-0.428,0.005,-133.17034,0.86551,922,46,,-0.41,0.019
115,House,20944,72,5,OR,100,,,"SCHRADER, Kurt",S001180,1951,,-0.188,0.06,-281.50038,0.73665,921,131,,-0.231,0.285
115,House,21198,72,1,OR,100,,,"BONAMICI, Suzanne",B001278,1954,,-0.394,-0.397,-76.70642,0.92266,953,37,,-0.392,-0.496
115,House,29588,72,3,OR,100,,,"BLUMENAUER, Earl",B000574,1948,,-0.427,-0.669,-81.60286,0.91477,916,33,,-0.388,-0.763
115,House,29932,72,2,OR,200,,,"WALDEN, Greg",W000791,1957,,0.334,-0.012,-91.05758,0.90887,953,33,,0.285,0.263
115,House,20134,14,9,PA,200,,,"SHUSTER, William (Bill)",S001154,1961,,0.374,0.323,-74.6645,0.91619,853,29,,0.317,0.276
115,House,20346,14,18,PA,200,,,"MURPHY, Timothy",M001151,1952,,0.258,0.198,-46.30004,0.90675,473,20,,0.263,0.346
115,House,20526,14,15,PA,200,,,"DENT, Charles W.",D000604,1960,,0.244,-0.085,-107.19941,0.85949,708,30,,0.271,-0.001
115,House,20946,14,5,PA,200,,,"THOMPSON, Glenn",T000467,1959,,0.312,0.39,-89.31765,0.91036,951,63,,0.285,0.654
115,House,21167,14,3,PA,200,,,"KELLY, Mike",K000376,1948,,0.35,0.444,-79.51364,0.91905,942,28,,0.336,0.344
115,House,21168,14,7,PA,200,,,"MEEHAN, Patrick",M001181,1955,,0.22,0.076,-115.51634,0.84747,698,58,,0.217,0.135
115,House,21170,14,10,PA,200,,,"MARINO, Thomas A.",M001179,1952,,0.352,0.477,-76.19301,0.91848,896,28,,0.33,0.331
115,House,21171,14,11,PA,200,,,"BARLETTA, Lou",B001269,1956,,0.278,0.393,-72.16152,0.91978,863,21,,0.298,0.355
115,House,21356,14,4,PA,200,,,"PERRY, Scott",P000605,1962,,0.624,-0.342,-152.00584,0.85142,945,83,,0.771,-0.442
115,House,21357,14,12,PA,200,,,"ROTHFUS, Keith",R000598,1962,,0.498,0.044,-92.02045,0.90805,954,36,,0.493,-0.098
115,House,21358,14,17,PA,100,,,"CARTWRIGHT, Matt",C001090,1961,,-0.369,-0.041,-117.3777,0.88412,953,57,,-0.297,-0.123
115,House,21547,14,6,PA,200,,,"COSTELLO, Ryan",C001106,1976,,0.217,-0.055,-174.81377,0.82643,917,92,,0.227,-0.059
115,House,21548,14,13,PA,100,,,"BOYLE, Brendan Francis",B001296,1977,,-0.397,0.132,-103.04841,0.89249,906,34,,-0.429,0.32
115,House,21566,14,2,PA,100,,,"EVANS, Dwight",E000296,1954,,-0.457,-0.08,-89.35465,0.91023,950,49,,-0.456,-0.072
115,House,21718,14,8,PA,200,,,"FITZPATRICK, Brian K.",F000466,1973,,0.171,-0.178,-243.24638,0.77494,954,111,,0.215,-0.277
115,House,21745,14,16,PA,200,,,"SMUCKER, Lloyd K.",S001199,1964,,0.426,0.266,-88.55861,0.91135,954,33,,0.397,0.321
115,House,21756,14,18,PA,100,,,"LAMB, Conor",L000588,1984,,-0.123,0.189,-71.19997,0.76439,265,40,,-0.09,0.021
115,House,21762,14,7,PA,100,,,"SCANLON, Mary Gay",S001205,1959,,-0.487,0.037,-3.62203,0.90675,37,2,,-0.231,-0.474
115,House,21763,14,15,PA,100,,,"WILD, Susan",W000826,1957,,-0.379,0.662,-1.62777,0.94719,30,0,,-0.603,0.542
115,House,29561,14,14,PA,100,,,"DOYLE, Michael F.",D000482,1953,,-0.33,0.112,-109.59789,0.8905,945,36,,-0.465,0.212
115,House,29777,14,1,PA,100,,,"BRADY, Robert A.",B001227,1945,,-0.484,0.225,-83.90752,0.91355,928,24,,-0.53,0.441
115,House,20136,5,2,RI,100,,,"LANGEVIN, James",L000559,1964,,-0.375,0.109,-81.05326,0.91789,946,29,,-0.411,0.17
115,House,21172,5,1,RI,100,,,"CICILLINE, David N.",C001084,1961,,-0.391,-0.28,-67.66795,0.93118,949,24,,-0.376,-0.434
115,House,20138,48,2,SC,200,,,"WILSON, Addison Graves (Joe)",W000795,1947,,0.538,0.107,-69.32121,0.92956,949,20,,0.509,0.393
115,House,21174,48,3,SC,200,,,"DUNCAN, Jeff",D000615,1966,,0.731,-0.184,-83.06534,0.91285,911,35,,0.747,-0.196
115,House,21175,48,4,SC,200,,,"GOWDY, Trey",G000566,1964,,0.655,-0.002,-58.51558,0.93732,904,17,,0.548,0.257
115,House,21176,48,5,SC,200,,,"MULVANEY, Mick",M001182,1967,,0.75,-0.592,-0.09233,0.9817,5,0,,0.349,0.625
115,House,21359,48,7,SC,200,,,"RICE, Tom",R000597,1957,,0.602,-0.28,-105.97221,0.89175,925,44,,0.558,-0.161
115,House,21753,48,5,SC,200,,,"NORMAN, Ralph",N000190,1953,,0.788,-0.202,-78.08337,0.89137,679,27,,0.693,-0.246
115,House,29565,48,1,SC,200,,,"SANFORD, Mark",S000051,1960,,0.686,-0.728,-259.14003,0.75359,916,133,,0.633,-0.774
115,House,39301,48,6,SC,100,,,"CLYBURN, James Enos",C000537,1940,,-0.464,0.255,-68.05489,0.92558,880,27,,-0.5,0.101
115,House,21177,37,1,SD,200,,,"NOEM, Kristi",N000184,1971,,0.398,0.326,-85.73389,0.90395,849,35,,0.469,0.154
115,House,15019,54,5,TN,100,,,"COOPER, James Hayes Shofner",C000754,1954,,-0.163,-0.032,-242.79134,0.77489,952,91,,-0.162,-0.088
115,House,15455,54,2,TN,200,,,"DUNCAN, John J., Jr.",D000533,1947,,0.604,-0.476,-270.66716,0.75095,945,93,,1.0,-0.03
115,House,20351,54,7,TN,200,,,"BLACKBURN, Marsha",B001243,1952,,0.618,0.131,-58.29117,0.9321,829,31,,0.643,0.2
115,House,20748,54,9,TN,100,,,"COHEN, Stephen",C001068,1949,,-0.4,-0.353,-115.43364,0.88558,950,54,,-0.402,-0.175
115,House,20947,54,1,TN,200,,,"ROE, David P. (Phil)",R000582,1945,,0.486,0.022,-76.84213,0.92269,955,30,,0.486,0.081
115,House,21178,54,3,TN,200,,,"FLEISCHMANN, Chuck",F000459,1962,,0.455,0.308,-71.70839,0.92788,958,24,,0.393,0.352
115,House,21179,54,4,TN,200,,,"DESJARLAIS, Scott",D000616,1964,,0.581,-0.082,-71.69514,0.92581,930,26,,0.637,-0.068
115,House,21180,54,6,TN,200,,,"BLACK, Diane",B001273,1951,,0.58,0.219,-43.95387,0.94078,720,13,,0.572,0.082
115,House,21731,54,8,TN,200,,,"KUSTOFF, David",K000392,1966,,0.529,0.286,-74.02853,0.92396,936,19,,0.541,0.041
115,House,15085,49,6,TX,200,,,"BARTON, Joe Linus",B000213,1949,,0.528,0.047,-98.12992,0.89976,929,38,,0.541,-0.129
115,House,15445,49,21,TX,200,,,"SMITH, Lamar Seeligson",S000583,1947,,0.425,0.061,-68.77216,0.92596,894,19,,0.491,0.116
115,House,20139,49,7,TX,200,,,"CULBERSON, John",C001048,1956,,0.503,0.366,-80.52851,0.91815,943,22,,0.473,0.129
115,House,20352,49,5,TX,200,,,"HENSARLING, Jeb",H001036,1957,,0.703,0.04,-68.08408,0.93035,943,16,,0.645,0.062
115,House,20355,49,26,TX,200,,,"BURGESS, Michael C.",B001248,1950,,0.576,-0.211,-114.59201,0.885,938,64,,0.576,-0.087
115,House,20356,49,31,TX,200,,,"CARTER, John R.",C001051,1941,,0.471,0.604,-70.26754,0.92723,930,19,,0.433,0.443
115,House,20527,49,1,TX,200,,,"GOHMERT, Louie",G000552,1953,,0.625,-0.334,-194.56844,0.80363,890,81,,0.991,-0.136
115,House,20528,49,2,TX,200,,,"POE, Ted",P000592,1948,,0.594,-0.029,-141.43323,0.85398,896,76,,0.594,-0.17
115,House,20529,49,9,TX,100,,,"GREEN, Al",G000553,1947,,-0.438,0.31,-100.59392,0.89841,939,44,,-0.484,0.203
115,House,20530,49,10,TX,200,,,"McCAUL, Michael T.",M001157,1962,,0.433,0.088,-70.34481,0.92797,941,16,,0.482,0.284
115,House,20531,49,11,TX,200,,,"CONAWAY, K. Michael",C001062,1948,,0.591,0.372,-87.49655,0.91254,956,61,,0.557,0.423
115,House,20532,49,24,TX,200,,,"MARCHANT, Kenny",M001158,1951,,0.6,0.153,-78.74134,0.91711,910,37,,0.591,0.161
115,House,20533,49,28,TX,100,,,"CUELLAR, Henry",C001063,1955,,-0.228,0.62,-239.44577,0.77741,951,123,,-0.225,0.63
115,House,20948,49,22,TX,200,,,"OLSON, Pete",O000168,1962,,0.549,0.309,-55.5984,0.94239,937,10,,0.558,0.227
115,House,21182,49,17,TX,200,,,"FLORES, Bill",F000461,1954,,0.573,0.287,-75.2314,0.92324,942,54,,0.582,0.537
115,House,21184,49,27,TX,200,,,"FARENTHOLD, Blake",F000460,1961,,0.548,0.016,-55.95071,0.92135,683,24,,0.636,0.005
115,House,21360,49,14,TX,200,,,"WEBER, Randy",W000814,1953,,0.71,0.036,-101.21711,0.89781,939,62,,0.641,0.136
115,House,21361,49,16,TX,100,,,"O'ROURKE, Beto",O000170,1972,,-0.304,-0.331,-111.02625,0.88781,933,47,,-0.245,-0.337
115,House,21362,49,20,TX,100,,,"CASTRO, Joaquin",C001091,1974,,-0.399,-0.02,-95.69012,0.90399,948,59,,-0.389,-0.258
115,House,21364,49,25,TX,200,,,"WILLIAMS, Roger",W000816,1949,,0.587,0.101,-80.47991,0.91861,948,27,,0.599,-0.025
115,House,21365,49,33,TX,100,,,"VEASEY, Marc",V000131,1971,,-0.403,0.285,-122.88462,0.87866,950,48,,-0.4,0.354
115,House,21366,49,34,TX,100,,,"VELA, Filemon",V000132,1963,,-0.313,0.413,-196.93983,0.80842,926,86,,-0.343,0.435
115,House,21549,49,4,TX,200,,,"RATCLIFFE, John",R000601,1965,,0.693,0.113,-77.59737,0.91895,918,53,,0.76,0.237
115,House,21550,49,23,TX,200,,,"HURD, William Ballard",H001073,1977,,0.287,0.229,-108.24111,0.89188,946,63,,0.309,0.297
115,House,21551,49,36,TX,200,,,"BABIN, Brian",B001291,1948,,0.7,0.123,-80.54926,0.91813,943,49,,0.643,0.276
115,House,21700,49,19,TX,200,,,"ARRINGTON, Jodey Cook",A000375,1972,,0.629,-0.035,-60.53309,0.9375,938,14,,0.549,0.118
115,House,21722,49,15,TX,100,,,"GONZALEZ, Vicente Jr.",G000581,1967,,-0.38,0.658,-202.00195,0.80607,937,88,,-0.363,0.642
115,House,21758,49,27,TX,200,,,"CLOUD, Michael",C001115,1975,,0.651,-0.242,-18.99268,0.85362,120,9,,0.652,-0.027
115,House,29143,49,3,TX,200,,,"JOHNSON, Sam",J000174,1930,,0.61,0.277,-53.72498,0.9371,827,13,,0.67,0.114
115,House,29571,49,35,TX,100,,,"DOGGETT, Lloyd Alton, II",D000399,1946,,-0.402,-0.314,-81.30054,0.91714,940,30,,-0.419,-0.434
115,House,29572,49,13,TX,200,,,"THORNBERRY, William McClellan (Mac)",T000238,1958,,0.525,0.311,-67.46582,0.93131,948,25,,0.451,0.373
115,House,29573,49,18,TX,100,,,"JACKSON LEE, Sheila",J000032,1950,,-0.46,0.128,-93.70944,0.90425,931,33,,-0.567,0.41
115,House,29759,49,32,TX,200,,,"SESSIONS, Pete",S000250,1955,,0.585,0.174,-62.808,0.93609,951,18,,0.524,0.166
115,House,29760,49,8,TX,200,,,"BRADY, Kevin Patrick",B000755,1955,,0.524,0.218,-66.10551,0.93067,920,21,,0.479,0.277
115,House,29762,49,12,TX,200,,,"GRANGER, Kay",G000377,1943,,0.397,0.242,-66.57669,0.92892,903,13,,0.431,0.35
115,House,39304,49,29,TX,100,,,"GREEN, Raymond Eugene (Gene)",G000410,1947,,-0.324,0.453,-168.01147,0.83275,918,66,,-0.388,0.592
115,House,39305,49,30,TX,100,,,"JOHNSON, Eddie Bernice",J000126,1935,,-0.485,0.203,-82.18902,0.91112,883,38,,-0.477,0.18
115,House,20357,67,1,UT,200,,,"BISHOP, Robert (Rob)",B001250,1951,,0.536,0.105,-82.44009,0.91526,931,29,,0.509,0.057
115,House,20949,67,3,UT,200,,,"CHAFFETZ, Jason",C001076,1967,,0.647,-0.278,-10.59311,0.95867,251,5,,0.417,0.366
115,House,21367,67,2,UT,200,,,"STEWART, Chris",S001192,1960,,0.527,0.158,-73.28242,0.92477,937,25,,0.534,0.077
115,House,21552,67,4,UT,200,,,"LOVE, Ludmya Bourdeau (Mia)",L000584,1975,,0.542,-0.056,-102.70961,0.89501,926,39,,0.481,-0.025
115,House,21755,67,3,UT,200,,,"CURTIS, John R.",C001114,1960,,0.542,0.039,-38.32435,0.91416,427,12,,0.55,-0.024
115,House,20750,6,1,VT,100,,,"WELCH, Peter",W000800,1947,,-0.409,-0.351,-76.24528,0.92201,939,27,,-0.393,-0.585
115,House,20756,40,1,VA,200,,,"WITTMAN, Robert J.",W000804,1959,,0.445,-0.019,-115.82658,0.88465,945,59,,0.588,-0.099
115,House,20952,40,11,VA,100,,,"CONNOLLY, Gerald E. (Gerry)",C001078,1950,,-0.306,-0.014,-103.49926,0.89688,951,48,,-0.359,0.131
115,House,21191,40,9,VA,200,,,"GRIFFITH, H. Morgan",G000568,1958,,0.552,-0.438,-178.94799,0.82682,941,67,,0.606,-0.501
115,House,21553,40,7,VA,200,,,"BRAT, David A.",B001290,1964,,0.829,-0.325,-88.74694,0.91009,942,29,,0.811,-0.341
115,House,21554,40,8,VA,100,,,"BEYER, Donald Sternoff Jr.",B001292,1950,,-0.385,-0.041,-123.99206,0.87301,913,46,,-0.411,0.15
115,House,21555,40,10,VA,200,,,"COMSTOCK, Barbara J.",C001105,1959,,0.276,0.389,-103.10577,0.89376,918,36,,0.293,0.213
115,House,21721,40,5,VA,200,,,"GARRETT, Thomas Alexander Jr.",G000580,1972,,0.931,-0.365,-127.34334,0.85933,840,69,,0.991,-0.136
115,House,21736,40,4,VA,100,,,"MCEACHIN, Aston Donald",M001200,1961,,-0.375,-0.084,-81.60618,0.91521,921,42,,-0.393,-0.136
115,House,21748,40,2,VA,200,,,"TAYLOR, Scott William",T000477,1979,,0.456,0.021,-96.73847,0.89936,912,36,,0.456,0.021
115,House,39307,40,3,VA,100,,,"SCOTT, Robert C.",S000185,1947,,-0.45,0.015,-116.99208,0.88436,952,69,,-0.383,-0.248
115,House,39308,40,6,VA,200,,,"GOODLATTE, Robert William",G000289,1952,,0.496,-0.002,-83.84175,0.91544,949,22,,0.585,-0.035
115,House,20145,73,2,WA,100,,,"LARSEN, Richard Ray (Rick)",L000560,1965,,-0.364,0.19,-93.98231,0.90378,929,48,,-0.345,-0.001
115,House,20535,73,5,WA,200,,,"McMORRIS RODGERS, Cathy",M001159,1969,,0.426,0.112,-72.24886,0.92728,957,23,,0.469,0.113
115,House,20536,73,8,WA,200,,,"REICHERT, David G.",R000578,1950,,0.224,-0.146,-162.32542,0.83905,925,66,,0.257,-0.023
115,House,21187,73,3,WA,200,,,"HERRERA BEUTLER, Jaime",H001056,1978,,0.357,-0.192,-148.8199,0.85486,949,82,,0.353,-0.01
115,House,21368,73,6,WA,100,,,"KILMER, Derek",K000381,1974,,-0.31,-0.011,-91.33185,0.90889,956,43,,-0.342,0.134
115,House,21369,73,10,WA,100,,,"HECK, Denny",H001064,1952,,-0.312,-0.129,-95.53141,0.90471,954,36,,-0.287,-0.216
115,House,21556,73,4,WA,200,,,"NEWHOUSE, Daniel Milton",N000189,1955,,0.349,0.232,-78.01588,0.91784,910,28,,0.352,0.249
115,House,21726,73,7,WA,100,,,"JAYAPAL, Pramila",J000298,1965,,-0.697,-0.268,-53.29659,0.94505,943,16,,-0.702,-0.159
115,House,29768,73,9,WA,100,,,"SMITH, Adam",S000510,1965,,-0.284,-0.161,-124.53971,0.87504,933,43,,-0.395,-0.508
115,House,31101,73,1,WA,100,,,"DelBENE, Suzan K.",D000617,1962,,-0.281,-0.229,-85.99323,0.91398,956,30,,-0.295,-0.302
115,House,21188,56,1,WV,200,,,"McKINLEY, David",M001180,1947,,0.301,0.191,-136.41937,0.86702,956,77,,0.239,0.406
115,House,21557,56,2,WV,200,,,"MOONEY, Alex X.",M001195,1971,,0.579,-0.286,-142.71638,0.86038,949,53,,0.616,-0.397
115,House,21558,56,3,WV,200,,,"JENKINS, Evan H.",J000297,1960,,0.315,0.308,-103.90415,0.88557,855,66,,0.329,0.338
115,House,14657,25,5,WI,200,,,"SENSENBRENNER, Frank James, Jr.",S000244,1943,,0.638,-0.58,-129.41437,0.87227,947,45,,0.666,-0.458
115,House,20537,25,4,WI,100,,,"MOORE, Gwendolynne S. (Gwen)",M001160,1951,,-0.528,-0.249,-87.53757,0.90751,902,37,,-0.528,-0.199
115,House,21189,25,7,WI,200,,,"DUFFY, Sean",D000614,1971,,0.511,-0.109,-111.03693,0.88734,929,62,,0.477,0.141
115,House,21370,25,2,WI,100,,,"POCAN, Mark",P000607,1964,,-0.541,-0.539,-47.60609,0.94603,858,17,,-0.512,-0.694
115,House,21559,25,6,WI,200,,,"GROTHMAN, Glenn",G000576,1955,,0.615,-0.285,-126.04346,0.87287,927,51,,0.667,-0.275
115,House,21720,25,8,WI,200,,,"GALLAGHER, Michael",G000579,1984,,0.441,-0.042,-142.35219,0.85988,943,84,,0.566,0.079
115,House,29769,25,3,WI,100,,,"KIND, Ron",K000188,1963,,-0.262,-0.08,-174.08087,0.82571,909,93,,-0.25,0.126
115,House,29939,25,1,WI,200,,,"RYAN, Paul D.",R000570,1970,,0.556,-0.25,-7.06452,0.76207,26,4,,0.31,0.205
115,House,21710,68,1,WY,200,,,"CHENEY, Liz",C001109,1966,,0.517,0.455,-72.65533,0.92383,917,33,,0.517,0.446
115,Senate,41704,41,0,AL,200,,,"STRANGE, Luther  Johnson, III",S001202,1953,,0.56,0.18,-10.12332,0.95801,236,4,,0.57,0.225
115,Senate,41705,41,0,AL,100,,,"JONES, Gordon Douglas (Doug)",J000300,1954,,-0.084,0.202,-38.28946,0.83824,217,24,,-0.113,0.108
115,Senate,49700,41,0,AL,200,,,"SESSIONS, Jefferson Beauregard III (Jeff)",S001141,1946,,0.549,0.13,-0.56654,0.97062,19,0,,0.357,0.241
115,Senate,94659,41,0,AL,200,,,"SHELBY, Richard C.",S000320,1934,,0.429,0.519,-25.5601,0.95194,519,13,,0.394,0.49
115,Senate,40300,81,0,AK,200,,,"MURKOWSKI, Lisa",M001153,1957,,0.211,-0.291,-61.968,0.88474,506,22,,0.229,-0.259
115,Senate,41500,81,0,AK,200,,,"SULLIVAN, Daniel Scott",S001198,1964,,0.486,0.049,-39.66952,0.9246,506,16,,0.47,0.008
115,Senate,15039,61,0,AZ,200,,,"McCAIN, John Sidney, III",M000303,1936,2018.0,0.381,-0.626,-41.58471,0.85272,261,18,,0.394,-0.762
115,Senate,15429,61,0,AZ,200,,,"KYL, Jon Llewellyn",K000352,1942,,0.548,-0.413,-8.46959,0.87605,64,2,,0.586,0.272
115,Senate,20100,61,0,AZ,200,,,"FLAKE, Jeff",F000444,1962,,0.855,-0.518,-62.93724,0.87639,477,28,,0.853,-0.522
115,Senate,20101,42,0,AR,200,,,"BOOZMAN, John",B001236,1950,,0.4,0.246,-18.06449,0.96579,519,7,,0.383,0.333
115,Senate,21301,42,0,AR,200,,,"COTTON, Tom",C001095,1977,,0.572,0.083,-32.38595,0.93984,522,13,,0.581,0.202
115,Senate,41701,71,0,CA,100,,,"HARRIS, Kamala Devi",H001075,1964,,-0.709,-0.13,-51.08661,0.90643,520,21,,-0.693,-0.068
115,Senate,49300,71,0,CA,100,,,"FEINSTEIN, Dianne",F000062,1933,,-0.267,-0.185,-102.23029,0.8103,486,44,,-0.331,-0.325
115,Senate,21112,62,0,CO,200,,,"GARDNER, Cory",G000562,1974,,0.444,-0.027,-42.39,0.92171,520,16,,0.44,-0.124
115,Senate,40910,62,0,CO,100,,,"BENNET, Michael F.",B001267,1964,,-0.224,-0.175,-73.77373,0.86773,520,28,,-0.2,-0.148
115,Senate,20707,1,0,CT,100,,,"MURPHY, Christopher",M001169,1973,,-0.271,-0.196,-69.08273,0.87537,519,28,,-0.299,-0.044
115,Senate,41101,1,0,CT,100,,,"BLUMENTHAL, Richard",B001277,1946,,-0.434,-0.163,-83.20764,0.85213,520,35,,-0.448,-0.023
115,Senate,15015,11,0,DE,100,,,"CARPER, Thomas Richard",C000174,1947,,-0.175,-0.223,-67.70471,0.87703,516,21,,-0.183,-0.242
115,Senate,40916,11,0,DE,100,,,"COONS, Christopher A.",C001088,1963,,-0.227,-0.217,-71.96307,0.86694,504,34,,-0.214,0.001
115,Senate,14651,43,0,FL,100,,,"NELSON, Clarence William (Bill)",N000032,1942,,-0.193,0.337,-61.43426,0.88148,487,16,,-0.193,0.163
115,Senate,41102,43,0,FL,200,,,"RUBIO, Marco",R000595,1971,,0.568,-0.271,-45.50214,0.9108,487,20,,0.538,-0.065
115,Senate,29909,44,0,GA,200,,,"ISAKSON, Johnny",I000055,1944,,0.402,-0.011,-23.40168,0.95082,464,9,,0.359,0.181
115,Senate,41501,44,0,GA,200,,,"PERDUE, David Alfred, Jr.",P000612,1949,,0.564,-0.087,-38.53606,0.92831,518,18,,0.517,0.107
115,Senate,20713,82,0,HI,100,,,"HIRONO, Mazie",H001042,1947,,-0.512,-0.084,-77.75842,0.85859,510,35,,-0.441,-0.146
115,Senate,41112,82,0,HI,100,,,"SCHATZ, Brian Emanuel",S001194,1972,,-0.448,-0.106,-100.14129,0.82298,514,38,,-0.406,-0.076
115,Senate,29345,63,0,ID,200,,,"CRAPO, Michael Dean",C000880,1951,,0.511,0.294,-35.13042,0.93431,517,15,,0.583,0.337
115,Senate,40902,63,0,ID,200,,,"RISCH, James",R000584,1943,,0.629,0.565,-32.41352,0.93968,521,15,,0.711,0.367
115,Senate,15021,21,0,IL,100,,,"DURBIN, Richard Joseph",D000563,1944,,-0.348,-0.307,-77.93619,0.85829,510,36,,-0.324,-0.466
115,Senate,21325,21,0,IL,100,,,"DUCKWORTH, Tammy",D000622,1968,,-0.332,0.11,-67.23692,0.86456,462,33,,-0.415,0.165
115,Senate,20717,22,0,IN,100,,,"DONNELLY, Joe",D000607,1955,,-0.119,0.435,-64.56938,0.88216,515,17,,-0.134,0.561
115,Senate,21133,22,0,IN,200,,,"YOUNG, Todd",Y000064,1972,,0.474,-0.029,-44.10406,0.91853,519,15,,0.367,-0.059
115,Senate,14226,31,0,IA,200,,,"GRASSLEY, Charles Ernest",G000386,1933,,0.346,-0.065,-47.55332,0.91293,522,19,,0.459,-0.055
115,Senate,41502,31,0,IA,200,,,"ERNST, Joni",E000295,1970,,0.529,-0.047,-33.8091,0.93717,521,13,,0.525,-0.029
115,Senate,14852,32,0,KS,200,,,"ROBERTS, Charles Patrick (Pat)",R000307,1936,,0.413,-0.09,-21.35323,0.95954,517,8,,0.342,0.167
115,Senate,29722,32,0,KS,200,,,"MORAN, Jerry",M000934,1954,,0.415,0.206,-60.70326,0.8861,502,27,,0.475,-0.278
115,Senate,14921,51,0,KY,200,,,"McCONNELL, Addison Mitchell (Mitch)",M000355,1942,,0.402,0.003,-30.81549,0.94257,521,8,,0.386,-0.024
115,Senate,41104,51,0,KY,200,,,"PAUL, Rand",P000603,1963,,0.878,-0.479,-157.85441,0.72973,501,77,,0.879,-0.477
115,Senate,20919,45,0,LA,200,,,"CASSIDY, Bill",C001075,1957,,0.456,-0.099,-36.79196,0.93118,516,19,,0.437,-0.105
115,Senate,41703,45,0,LA,200,,,"KENNEDY, John Neely",K000393,1951,,0.59,0.247,-77.28254,0.86214,521,28,,0.482,0.462
115,Senate,41300,2,0,ME,328,,,"KING, Angus Stanley, Jr.",K000383,1944,,-0.155,-0.21,-83.92111,0.85149,522,42,,-0.14,-0.184
115,Senate,49703,2,0,ME,200,,,"COLLINS, Susan Margaret",C001035,1952,,0.113,-0.539,-82.64732,0.85357,522,40,,0.166,-0.392
115,Senate,15408,52,0,MD,100,,,"CARDIN, Benjamin Louis",C000141,1943,,-0.32,-0.22,-65.90197,0.88054,518,24,,-0.302,-0.206
115,Senate,20330,52,0,MD,100,,,"VAN HOLLEN, Christopher",V000128,1959,,-0.391,-0.205,-67.57173,0.87792,519,26,,-0.348,-0.181
115,Senate,14435,3,0,MA,100,,,"MARKEY, Edward John",M000133,1946,,-0.512,-0.453,-55.04143,0.89938,519,24,,-0.585,-0.504
115,Senate,41301,3,0,MA,100,,,"WARREN, Elizabeth",W000817,1949,,-0.77,-0.286,-30.75089,0.94279,522,12,,-0.783,-0.226
115,Senate,20923,23,0,MI,100,,,"PETERS, Gary C.",P000595,1958,,-0.245,-0.187,-108.61881,0.81116,519,45,,-0.276,-0.139
115,Senate,29732,23,0,MI,100,,,"STABENOW, Deborah Ann",S000770,1950,,-0.342,-0.014,-97.70965,0.82839,519,40,,-0.366,0.165
115,Senate,40700,33,0,MN,100,,,"KLOBUCHAR, Amy",K000367,1960,,-0.281,-0.384,-72.30792,0.86995,519,25,,-0.288,-0.058
115,Senate,40904,33,0,MN,100,,,"FRANKEN, Al",F000457,1951,,-0.399,-0.169,-23.04081,0.92388,291,9,,-0.339,-0.279
115,Senate,41706,33,0,MN,100,,,"SMITH, Tina",S001203,1958,,-0.393,-0.06,-32.18089,0.86449,221,13,,-0.346,-0.123
115,Senate,14009,46,0,MS,200,,,"COCHRAN, William Thad",C000567,1937,,0.287,0.051,-8.7148,0.97263,314,0,,0.368,0.244
115,Senate,29534,46,0,MS,200,,,"WICKER, Roger F.",W000437,1951,,0.376,0.349,-29.17905,0.94543,520,13,,0.413,0.145
115,Senate,41707,46,0,MS,200,,,"HYDE-SMITH, Cindy",H001079,1959,,0.37,0.34,-15.97701,0.91129,172,8,,0.41,0.15
115,Senate,29735,34,0,MO,200,,,"BLUNT, Roy",B000575,1950,,0.426,0.275,-16.3689,0.9686,513,3,,0.367,0.328
115,Senate,40701,34,0,MO,100,,,"McCASKILL, Claire",M001170,1953,,-0.143,0.023,-86.08537,0.84356,506,37,,-0.152,0.18
115,Senate,21338,64,0,MT,200,,,"DAINES, Steve",D000618,1962,,0.553,-0.131,-57.00114,0.89618,520,27,,0.606,-0.313
115,Senate,40702,64,0,MT,100,,,"TESTER, Jon",T000464,1956,,-0.217,0.138,-89.35004,0.84129,517,36,,-0.192,0.017
115,Senate,41302,35,0,NE,200,,,"FISCHER, Debra (Deb)",F000463,1951,,0.471,0.343,-26.74221,0.94968,518,12,,0.448,0.254
115,Senate,41503,35,0,NE,200,,,"SASSE, Benjamin Eric",S001197,1972,,0.795,-0.218,-43.91299,0.91842,516,18,,0.824,0.019
115,Senate,20730,65,0,NV,200,,,"HELLER, Dean",H001041,1960,,0.463,-0.459,-94.72531,0.82773,501,40,,0.481,-0.581
115,Senate,41700,65,0,NV,100,,,"CORTEZ MASTO, Catherine Marie",C001113,1964,,-0.371,0.343,-82.06375,0.8519,512,41,,-0.395,0.345
115,Senate,40906,4,0,NH,100,,,"SHAHEEN, Jeanne",S001181,1947,,-0.239,-0.136,-63.97855,0.88253,512,22,,-0.229,-0.077
115,Senate,41702,4,0,NH,100,,,"HASSAN, Margaret (Maggie)",H001076,1958,,-0.241,-0.019,-63.42918,0.88496,519,22,,-0.258,-0.081
115,Senate,29373,12,0,NJ,100,,,"MENENDEZ, Robert",M000639,1954,,-0.366,-0.126,-86.18465,0.82535,449,35,,-0.38,-0.137
115,Senate,41308,12,0,NJ,100,,,"BOOKER, Cory Anthony",B001288,1969,,-0.599,-0.241,-59.52133,0.8884,503,27,,-0.645,-0.073
115,Senate,20930,66,0,NM,100,,,"HEINRICH, Martin",H001046,1971,,-0.326,-0.025,-77.36645,0.85691,501,35,,-0.406,0.097
115,Senate,29924,66,0,NM,100,,,"UDALL, Thomas (Tom)",U000039,1948,,-0.453,0.163,-74.6205,0.86584,518,33,,-0.419,0.089
115,Senate,14858,13,0,NY,100,,,"SCHUMER, Charles Ellis (Chuck)",S000148,1950,,-0.359,-0.406,-67.71136,0.87813,521,29,,-0.395,-0.191
115,Senate,20735,13,0,NY,100,,,"GILLIBRAND, Kirsten",G000555,1966,,-0.475,-0.439,-103.5259,0.81979,521,43,,-0.847,-0.217
115,Senate,29548,47,0,NC,200,,,"BURR, Richard M.",B001135,1955,,0.45,-0.054,-33.51414,0.93542,502,13,,0.442,0.041
115,Senate,41504,47,0,NC,200,,,"TILLIS, Thomas Roland (Thom)",T000476,1960,,0.426,0.06,-18.83679,0.96244,492,6,,0.396,0.108
115,Senate,41107,36,0,ND,200,,,"HOEVEN, John",H001061,1957,,0.343,0.328,-17.48744,0.9668,518,6,,0.38,0.272
115,Senate,41303,36,0,ND,100,,,"HEITKAMP, Mary Kathryn (Heidi)",H001069,1955,,-0.122,0.399,-64.38813,0.88096,508,24,,-0.093,0.36
115,Senate,29386,24,0,OH,200,,,"PORTMAN, Robert Jones (Rob)",P000449,1955,,0.373,-0.237,-37.00053,0.93119,519,12,,0.324,0.006
115,Senate,29389,24,0,OH,100,,,"BROWN, Sherrod",B000944,1952,,-0.43,-0.115,-61.44897,0.88854,520,23,,-0.396,-0.08
115,Senate,15424,53,0,OK,200,,,"INHOFE, James Mountain",I000024,1934,,0.555,0.045,-27.1294,0.94849,513,11,,0.561,0.22
115,Senate,21166,53,0,OK,200,,,"LANKFORD, James",L000575,1968,,0.59,0.173,-40.77409,0.92486,522,20,,0.683,-0.023
115,Senate,14871,72,0,OR,100,,,"WYDEN, Ronald Lee",W000779,1949,,-0.329,-0.471,-101.91989,0.8217,519,52,,-0.435,-0.544
115,Senate,40908,72,0,OR,100,,,"MERKLEY, Jeff",M001176,1956,,-0.443,-0.738,-58.34393,0.89289,515,23,,-0.568,-0.722
115,Senate,29935,14,0,PA,200,,,"TOOMEY, Patrick Joseph",T000461,1961,,0.646,-0.286,-49.27139,0.90687,504,22,,0.776,-0.299
115,Senate,40703,14,0,PA,100,,,"CASEY, Robert (Bob), Jr.",C001070,1960,,-0.312,0.197,-66.05616,0.88114,522,23,,-0.317,0.065
115,Senate,29142,5,0,RI,100,,,"REED, John F. (Jack)",R000122,1949,,-0.369,-0.172,-78.86917,0.85977,522,36,,-0.312,-0.154
115,Senate,40704,5,0,RI,100,,,"WHITEHOUSE, Sheldon",W000802,1955,,-0.358,-0.105,-66.39631,0.87991,519,31,,-0.354,-0.193
115,Senate,21173,48,0,SC,200,,,"SCOTT, Tim",S001184,1965,,0.638,-0.008,-32.39596,0.93926,517,15,,0.533,0.182
115,Senate,29566,48,0,SC,200,,,"GRAHAM, Lindsey O.",G000359,1955,,0.405,-0.17,-39.92568,0.9219,491,15,,0.359,-0.1
115,Senate,29754,37,0,SD,200,,,"THUNE, John",T000250,1961,,0.411,0.138,-23.6288,0.95574,522,11,,0.459,0.207
115,Senate,41505,37,0,SD,200,,,"ROUNDS, Marion Michael (Mike)",R000605,1954,,0.408,0.121,-34.7767,0.9347,515,10,,0.413,0.13
115,Senate,40304,54,0,TN,200,,,"ALEXANDER, Lamar",A000360,1940,,0.323,-0.178,-26.79974,0.94781,500,6,,0.326,-0.105
115,Senate,40705,54,0,TN,200,,,"CORKER, Robert (Bob)",C001071,1952,,0.395,-0.344,-76.78647,0.85816,502,31,,0.5,-0.579
115,Senate,40305,49,0,TX,200,,,"CORNYN, John",C001056,1952,,0.492,-0.011,-22.81256,0.95708,520,7,,0.415,0.242
115,Senate,41304,49,0,TX,200,,,"CRUZ, Rafael Edward (Ted)",C001098,1970,,0.819,-0.266,-54.36374,0.89678,499,23,,0.679,-0.2
115,Senate,14503,67,0,UT,200,,,"HATCH, Orrin Grant",H000338,1934,,0.382,-0.004,-29.34808,0.94502,519,12,,0.356,0.162
115,Senate,41110,67,0,UT,200,,,"LEE, Mike",L000577,1971,,0.916,-0.4,-99.80915,0.82413,516,60,,0.902,-0.432
115,Senate,14307,6,0,VT,100,,,"LEAHY, Patrick Joseph",L000174,1940,,-0.361,-0.123,-65.5432,0.87873,507,33,,-0.308,-0.142
115,Senate,29147,6,0,VT,328,,,"SANDERS, Bernard",S000033,1941,,-0.527,-0.379,-76.33647,0.86048,508,33,,-0.707,-0.643
115,Senate,40909,40,0,VA,100,,,"WARNER, Mark",W000805,1954,,-0.201,-0.029,-70.52784,0.87178,514,30,,-0.176,-0.03
115,Senate,41305,40,0,VA,100,,,"KAINE, Timothy Michael (Tim)",K000384,1958,,-0.241,-0.061,-67.76259,0.8776,519,22,,-0.243,-0.07
115,Senate,39310,73,0,WA,100,,,"CANTWELL, Maria E.",C000127,1958,,-0.304,-0.427,-57.56271,0.89521,520,16,,-0.349,-0.261
115,Senate,49308,73,0,WA,100,,,"MURRAY, Patty",M001111,1950,,-0.352,-0.313,-50.24695,0.90617,510,17,,-0.36,-0.235
115,Senate,20146,56,0,WV,200,,,"CAPITO, Shelley Moore",C001047,1953,,0.263,0.059,-38.92074,0.92735,516,14,,0.362,0.101
115,Senate,40915,56,0,WV,100,,,"MANCHIN, Joe, III",M001183,1947,,-0.055,0.442,-80.88285,0.85569,519,39,,-0.051,0.532
115,Senate,29940,25,0,WI,100,,,"BALDWIN, Tammy",B001230,1962,,-0.493,-0.14,-99.0449,0.82627,519,45,,-0.348,-0.209
115,Senate,41111,25,0,WI,200,,,"JOHNSON, Ron",J000293,1955,,0.606,-0.271,-37.62572,0.92994,518,19,,0.637,-0.166
115,Senate,40707,68,0,WY,200,,,"BARRASSO, John A.",B001261,1952,,0.541,0.246,-36.3501,0.93261,521,13,,0.6,0.267
115,Senate,49706,68,0,WY,200,,,"ENZI, Michael B.",E000285,1944,,0.545,0.198,-38.21779,0.9294,522,20,,0.593,0.225
