"","congress","chamber","icpsr","state_icpsr","district_code","state_abbrev","party_code","occupancy","last_means","bioname","bioguide_id","born","died","nominate_dim1","nominate_dim2","nominate_log_likelihood","nominate_geo_mean_probability","nominate_number_of_votes","nominate_number_of_errors","conditional","nokken_poole_dim1","nokken_poole_dim2","CD116FP","STCD"
"46625",112,"House",20300,41,1,"AL",200,0,1,"BONNER, Jr., Josiah Robins (Jo)","B001244",1959,NA,0.367,0.513,-146.62502,0.9,1390,57,NA,0.31,0.506,1,"AL-1"
"46626",112,"House",20301,41,3,"AL",200,0,1,"ROGERS, Mike Dennis","R000575",1958,NA,0.355,0.459,-157.00249,0.89561,1424,65,NA,0.291,0.659,3,"AL-3"
"46627",112,"House",21102,41,7,"AL",100,0,1,"SEWELL, Terri","S001185",1965,NA,-0.391,0.402,-259.08161,0.8305,1395,93,NA,-0.364,0.329,7,"AL-7"
"46628",112,"House",21192,41,2,"AL",200,0,1,"ROBY, Martha","R000591",1976,NA,0.362,0.657,-149.43503,0.90051,1426,61,NA,0.36,0.59,2,"AL-2"
"46629",112,"House",21193,41,5,"AL",200,0,1,"BROOKS, Mo","B001274",1954,NA,0.649,-0.449,-247.32803,0.84107,1429,102,NA,0.564,-0.142,5,"AL-5"
"46630",112,"House",29301,41,6,"AL",200,0,1,"BACHUS, Spencer T., III","B000013",1947,NA,0.387,0.228,-182.54918,0.876,1382,78,NA,0.339,0.342,6,"AL-6"
"46631",112,"House",29701,41,4,"AL",200,0,1,"ADERHOLT, Robert","A000055",1965,NA,0.369,0.59,-181.74226,0.8801,1423,80,NA,0.327,0.601,4,"AL-4"
"46632",112,"House",14066,81,1,"AK",200,0,1,"YOUNG, Donald Edwin","Y000033",1933,NA,0.284,0.022,-370.39515,0.74771,1274,154,NA,0.338,-0.052,1,"AK-1"
"46633",112,"House",20100,61,6,"AZ",200,0,1,"FLAKE, Jeff","F000444",1962,NA,0.855,-0.518,-192.73056,0.8707,1392,71,NA,0.913,-0.408,6,"AZ-6"
"46634",112,"House",20304,61,2,"AZ",200,0,1,"FRANKS, Trent","F000448",1957,NA,0.749,0.087,-198.19888,0.86938,1416,83,NA,0.689,0.002,2,"AZ-2"
"46635",112,"House",20305,61,7,"AZ",100,0,1,"GRIJALVA, Raúl M.","G000551",1948,NA,-0.599,-0.256,-171.15562,0.88391,1387,69,NA,-0.655,-0.113,7,"AZ-7"
"46636",112,"House",20701,61,8,"AZ",100,1,1,"GIFFORDS, Gabrielle","G000554",1970,NA,-0.11,0.076,NA,NA,NA,NA,NA,-0.542,0.841,8,"AZ-8"
"46637",112,"House",21103,61,1,"AZ",200,0,1,"GOSAR, Paul","G000565",1958,NA,0.677,-0.42,-282.19986,0.81458,1376,111,NA,0.507,-0.069,1,"AZ-1"
"46638",112,"House",21104,61,3,"AZ",200,0,1,"QUAYLE, Ben","Q000024",1976,NA,0.712,0.222,-154.5331,0.893,1371,74,NA,0.705,0.179,3,"AZ-3"
"46639",112,"House",21105,61,5,"AZ",200,0,1,"SCHWEIKERT, David","S001183",1962,NA,0.589,-0.32,-186.8544,0.87695,1423,69,NA,0.644,-0.256,5,"AZ-5"
"46640",112,"House",21199,61,8,"AZ",100,2,2,"BARBER, Ron","B001279",1945,NA,-0.123,0.001,-73.55459,0.727,231,26,NA,-0.3,0.226,8,"AZ-8"
"46641",112,"House",29101,61,4,"AZ",100,0,1,"PASTOR, Ed","P000099",1943,NA,-0.421,0.12,-300.85852,0.808,1412,152,NA,-0.475,0.267,4,"AZ-4"
"46642",112,"House",20102,42,4,"AR",100,0,1,"ROSS, Michael Avery","R000573",1961,NA,-0.201,0.89,-422.32622,0.738,1387,192,NA,-0.114,0.722,4,"AR-4"
"46643",112,"House",21106,42,1,"AR",200,0,1,"CRAWFORD, Rick","C001087",1966,NA,0.414,0.493,-139.55788,0.90671,1425,62,NA,0.322,0.604,1,"AR-1"
"46644",112,"House",21107,42,2,"AR",200,0,1,"GRIFFIN, Tim","G000567",1968,NA,0.41,0.421,-162.76919,0.892,1423,74,NA,0.424,0.292,2,"AR-2"
"46645",112,"House",21108,42,3,"AR",200,0,1,"WOMACK, Steve","W000809",1957,NA,0.357,0.585,-128.65866,0.91419,1434,53,NA,0.308,0.574,3,"AR-3"
"46646",112,"House",14053,71,13,"CA",100,0,1,"STARK, Fortney Hillman (Pete), Jr.","S000810",1931,NA,-0.631,-0.605,-160.84025,0.888,1354,69,NA,-0.587,-0.596,13,"CA-13"
"46647",112,"House",14256,71,7,"CA",100,0,1,"MILLER, George","M000725",1945,NA,-0.552,-0.398,-201.30439,0.864,1377,90,NA,-0.458,-0.425,7,"CA-7"
"46648",112,"House",14280,71,30,"CA",100,0,1,"WAXMAN, Henry Arnold","W000215",1939,NA,-0.473,-0.343,-174.19722,0.883,1401,66,NA,-0.428,-0.216,30,"CA-30"
"46649",112,"House",14644,71,41,"CA",200,0,1,"LEWIS, Charles Jeremy (Jerry)","L000274",1934,NA,0.348,-0.101,-186.97801,0.861,1246,66,NA,0.295,0.271,41,"CA-41"
"46650",112,"House",14647,71,3,"CA",200,0,1,"LUNGREN, Daniel Edward","L000517",1946,NA,0.497,-0.054,-260.3908,0.833,1424,122,NA,0.355,0.267,3,"CA-3"
"46651",112,"House",14813,71,26,"CA",200,0,1,"DREIER, David Timothy","D000492",1952,NA,0.478,-0.084,-248.0076,0.839,1417,112,NA,0.345,0.267,26,"CA-26"
"46652",112,"House",15005,71,28,"CA",100,0,1,"BERMAN, Howard Lawrence","B000410",1941,NA,-0.404,-0.286,-217.35245,0.851,1352,92,NA,-0.368,-0.087,28,"CA-28"
"46653",112,"House",15413,71,24,"CA",200,0,1,"GALLEGLY, Elton W.","G000021",1944,NA,0.402,-0.1,-194.95235,0.864,1333,74,NA,0.367,0.204,24,"CA-24"
"46654",112,"House",15420,71,2,"CA",200,0,1,"HERGER, Walter William (Wally)","H000528",1945,NA,0.551,0.117,-136.48577,0.905,1374,52,NA,0.572,0.274,2,"CA-2"
"46655",112,"House",15448,71,8,"CA",100,0,1,"PELOSI, Nancy","P000197",1940,NA,-0.49,-0.206,-160.56134,0.88644,1332,71,NA,-0.439,-0.05,8,"CA-8"
"46656",112,"House",15621,71,46,"CA",200,0,1,"ROHRABACHER, Dana","R000409",1947,NA,0.626,-0.417,-294.46089,0.81129,1408,126,NA,0.631,-0.475,46,"CA-46"
"46657",112,"House",20103,71,15,"CA",100,0,1,"HONDA, Mike","H001034",1941,NA,-0.529,-0.482,-158.77275,0.89,1361,66,NA,-0.529,-0.514,15,"CA-15"
"46658",112,"House",20104,71,29,"CA",100,0,1,"SCHIFF, Adam","S001150",1960,NA,-0.349,-0.129,-188.93394,0.87632,1431,71,NA,-0.343,-0.057,29,"CA-29"
"46659",112,"House",20107,71,49,"CA",200,0,1,"ISSA, Darrell","I000056",1953,NA,0.506,-0.085,-162.63855,0.89062,1404,53,NA,0.53,0.171,49,"CA-49"
"46660",112,"House",20108,71,53,"CA",100,0,1,"DAVIS, Susan A.","D000598",1944,NA,-0.343,-0.103,-197.4277,0.87037,1422,78,NA,-0.346,-0.048,53,"CA-53"
"46661",112,"House",20306,71,18,"CA",100,0,1,"CARDOZA, Dennis A.","C001050",1959,NA,-0.262,0.609,-479.67818,0.651,1119,236,NA,-0.227,0.541,18,"CA-18"
"46662",112,"House",20307,71,21,"CA",200,0,1,"NUNES, Devin","N000181",1973,NA,0.449,0.215,-164.25686,0.89026,1413,72,NA,0.463,0.323,21,"CA-21"
"46663",112,"House",20310,71,39,"CA",100,0,1,"SÁNCHEZ, Linda T.","S001156",1969,NA,-0.508,-0.137,-161.47689,0.88591,1333,64,NA,-0.485,-0.255,39,"CA-39"
"46664",112,"House",20501,71,20,"CA",100,0,1,"COSTA, Jim","C001059",1952,NA,-0.191,0.464,-609.89689,0.64092,1371,302,NA,-0.172,0.518,20,"CA-20"
"46665",112,"House",20538,71,5,"CA",100,0,1,"MATSUI, Doris","M001163",1944,NA,-0.434,-0.162,-171.92693,0.88657,1428,79,NA,-0.424,-0.228,5,"CA-5"
"46666",112,"House",20539,71,48,"CA",200,0,1,"CAMPBELL, John (of California)","C001064",1955,NA,0.748,-0.415,-297.99902,0.799,1331,138,NA,0.919,-0.395,48,"CA-48"
"46667",112,"House",20702,71,11,"CA",100,0,1,"McNERNEY, Jerry","M001166",1951,NA,-0.262,-0.153,-263.57963,0.8307,1421,95,NA,-0.319,0.014,11,"CA-11"
"46668",112,"House",20703,71,22,"CA",200,0,1,"MCCARTHY, Kevin","M001165",1965,NA,0.458,0.212,-133.06743,0.90958,1404,47,NA,0.471,0.34,22,"CA-22"
"46669",112,"House",20752,71,37,"CA",100,0,1,"RICHARDSON, Laura","R000581",1962,NA,-0.339,-0.022,-319.85278,0.795,1398,135,NA,-0.301,-0.091,37,"CA-37"
"46670",112,"House",20762,71,12,"CA",100,0,1,"SPEIER, Karen Lorraine Jacqueline (Jackie)","S001175",1950,NA,-0.38,-0.444,-220.14576,0.844,1298,80,NA,-0.341,-0.42,12,"CA-12"
"46671",112,"House",20903,71,4,"CA",200,0,1,"McCLINTOCK, Tom","M001177",1956,NA,0.719,-0.475,-290.93579,0.81603,1431,124,NA,0.919,-0.395,4,"CA-4"
"46672",112,"House",20955,71,32,"CA",100,2,2,"CHU, Judy","C001080",1953,NA,-0.487,-0.378,-150.28162,0.89752,1390,60,NA,-0.506,-0.32,32,"CA-32"
"46673",112,"House",20958,71,10,"CA",100,2,2,"GARAMENDI, John","G000559",1945,NA,-0.309,-0.093,-289.61496,0.80883,1365,122,NA,-0.346,-0.142,10,"CA-10"
"46674",112,"House",20963,71,52,"CA",200,0,1,"HUNTER, Duncan Duane","H001048",1976,NA,0.539,0.085,-187.34515,0.87648,1421,80,NA,0.588,0.281,52,"CA-52"
"46675",112,"House",21109,71,19,"CA",200,0,1,"DENHAM, Jeff","D000612",1967,NA,0.306,0.212,-216.83402,0.85699,1405,94,NA,0.408,0.19,19,"CA-19"
"46676",112,"House",21110,71,33,"CA",100,0,1,"BASS, Karen","B001270",1953,NA,-0.585,-0.106,-143.75719,0.89674,1319,59,NA,-0.524,-0.206,33,"CA-33"
"46677",112,"House",21195,71,36,"CA",100,2,2,"HAHN, Janice","H001063",1952,NA,-0.39,-0.376,-85.76862,0.9,812,34,NA,-0.43,-0.229,36,"CA-36"
"46678",112,"House",29106,71,35,"CA",100,0,1,"WATERS, Maxine","W000187",1938,NA,-0.653,-0.073,-212.78053,0.85154,1324,91,NA,-0.506,-0.221,35,"CA-35"
"46679",112,"House",29309,71,6,"CA",100,0,1,"WOOLSEY, Lynn C.","W000738",1937,NA,-0.556,-0.529,-147.85223,0.899,1385,66,NA,-0.56,-0.675,6,"CA-6"
"46680",112,"House",29312,71,14,"CA",100,0,1,"ESHOO, Anna Georges","E000215",1942,NA,-0.381,-0.427,-203.09917,0.86287,1377,90,NA,-0.336,-0.457,14,"CA-14"
"46681",112,"House",29313,71,17,"CA",100,0,1,"FARR, Sam","F000030",1941,NA,-0.455,-0.219,-202.03084,0.866,1406,71,NA,-0.402,-0.417,17,"CA-17"
"46682",112,"House",29315,71,25,"CA",200,0,1,"McKEON, Howard P. (Buck)","M000508",1938,NA,0.396,0.208,-163.3949,0.889,1388,67,NA,0.329,0.395,25,"CA-25"
"46683",112,"House",29316,71,31,"CA",100,0,1,"BECERRA, Xavier","B000287",1958,NA,-0.512,-0.283,-141.09089,0.90321,1386,62,NA,-0.491,-0.286,31,"CA-31"
"46684",112,"House",29317,71,34,"CA",100,0,1,"ROYBAL-ALLARD, Lucille","R000486",1941,NA,-0.47,-0.186,-137.83929,0.90598,1396,53,NA,-0.452,-0.189,34,"CA-34"
"46685",112,"House",29318,71,36,"CA",100,1,1,"HARMAN, Jane L.","H000213",1945,NA,-0.262,-0.12,-22.52676,0.767,85,6,NA,-0.329,0.025,36,"CA-36"
"46686",112,"House",29321,71,40,"CA",200,0,1,"ROYCE, Edward Randall","R000487",1951,NA,0.657,-0.353,-206.89856,0.86477,1424,92,NA,0.655,-0.406,40,"CA-40"
"46687",112,"House",29323,71,44,"CA",200,0,1,"CALVERT, Ken","C000059",1953,NA,0.349,0.22,-144.92439,0.90265,1415,54,NA,0.315,0.491,44,"CA-44"
"46688",112,"House",29325,71,51,"CA",100,0,1,"FILNER, Bob","F000116",1942,NA,-0.652,0.002,-100.65144,0.903,988,42,NA,-0.752,-0.158,51,"CA-51"
"46689",112,"House",29504,71,16,"CA",100,0,1,"LOFGREN, Zoe","L000397",1947,NA,-0.402,-0.446,-253.91898,0.83205,1381,97,NA,-0.347,-0.46,16,"CA-16"
"46690",112,"House",29508,71,50,"CA",200,0,1,"BILBRAY, Brian P.","B000461",1951,NA,0.392,-0.376,-383.20407,0.758,1384,164,NA,0.322,-0.172,50,"CA-50"
"46691",112,"House",29707,71,27,"CA",100,0,1,"SHERMAN, Brad","S000344",1954,NA,-0.342,-0.148,-196.33304,0.87112,1423,72,NA,-0.345,-0.165,27,"CA-27"
"46692",112,"House",29709,71,47,"CA",100,0,1,"SANCHEZ, Loretta","S000030",1960,NA,-0.367,0.025,-226.8276,0.841,1307,104,NA,-0.372,-0.104,47,"CA-47"
"46693",112,"House",29774,71,23,"CA",100,0,1,"CAPPS, Lois","C001036",1938,NA,-0.389,-0.227,-148.65195,0.9,1418,65,NA,-0.392,-0.163,23,"CA-23"
"46694",112,"House",29775,71,45,"CA",200,0,1,"BONO, Mary","B001228",1961,NA,0.353,-0.218,-272.49942,0.821,1385,118,NA,0.411,-0.146,45,"CA-45"
"46695",112,"House",29778,71,9,"CA",100,0,1,"LEE, Barbara","L000551",1946,NA,-0.683,-0.588,-148.86557,0.89739,1375,73,NA,-0.72,-0.488,9,"CA-9"
"46696",112,"House",29901,71,1,"CA",100,0,1,"THOMPSON, Michael","T000460",1951,NA,-0.395,0.065,-271.85627,0.82643,1426,147,NA,-0.395,-0.062,1,"CA-1"
"46697",112,"House",29903,71,38,"CA",100,0,1,"NAPOLITANO, Grace Flores","N000179",1936,NA,-0.448,-0.249,-140.73593,0.89792,1307,62,NA,-0.529,-0.25,38,"CA-38"
"46698",112,"House",29905,71,42,"CA",200,0,1,"MILLER, Gary G.","M001139",1948,NA,0.478,0.222,-166.02919,0.883,1338,74,NA,0.5,0.224,42,"CA-42"
"46699",112,"House",29942,71,43,"CA",100,0,1,"BACA, Joe","B001234",1947,NA,-0.349,0.292,-241.24846,0.835,1340,85,NA,-0.383,0.303,43,"CA-43"
"46700",112,"House",20704,62,5,"CO",200,0,1,"LAMBORN, Doug","L000564",1954,NA,0.679,0.197,-135.71286,0.90761,1400,46,NA,0.701,0.312,5,"CO-5"
"46701",112,"House",20705,62,7,"CO",100,0,1,"PERLMUTTER, Ed","P000593",1953,NA,-0.282,0.076,-440.63238,0.73145,1409,184,NA,-0.261,0.137,7,"CO-7"
"46702",112,"House",20904,62,2,"CO",100,0,1,"POLIS, Jared","P000598",1975,NA,-0.278,-0.692,-373.9184,0.75283,1317,141,NA,-0.256,-0.607,2,"CO-2"
"46703",112,"House",20906,62,6,"CO",200,0,1,"COFFMAN, Mike","C001077",1955,NA,0.492,-0.213,-287.52548,0.81717,1424,131,NA,0.486,-0.154,6,"CO-6"
"46704",112,"House",21111,62,3,"CO",200,0,1,"TIPTON, Scott","T000470",1956,NA,0.449,-0.021,-296.09054,0.81309,1431,134,NA,0.411,-0.035,3,"CO-3"
"46705",112,"House",21112,62,4,"CO",200,0,1,"GARDNER, Cory","G000562",1974,NA,0.444,-0.027,-237.57515,0.84534,1414,107,NA,0.508,0.092,4,"CO-4"
"46706",112,"House",29710,62,1,"CO",100,0,1,"DeGETTE, Diana","D000197",1957,NA,-0.432,-0.313,-156.19947,0.89542,1414,58,NA,-0.406,-0.288,1,"CO-1"
"46707",112,"House",20706,1,2,"CT",100,0,1,"COURTNEY, Joe","C001069",1953,NA,-0.344,0.017,-226.32046,0.85286,1422,97,NA,-0.372,0.13,2,"CT-2"
"46708",112,"House",20707,1,5,"CT",100,0,1,"MURPHY, Christopher","M001169",1973,NA,-0.271,-0.196,-248.34217,0.83541,1381,100,NA,-0.275,-0.279,5,"CT-5"
"46709",112,"House",20907,1,4,"CT",100,0,1,"HIMES, James A.","H001047",1966,NA,-0.242,-0.238,-338.60251,0.78851,1425,146,NA,-0.252,-0.238,4,"CT-4"
"46710",112,"House",29109,1,3,"CT",100,0,1,"DeLAURO, Rosa L.","D000216",1943,NA,-0.416,-0.118,-156.65117,0.8959,1425,62,NA,-0.449,-0.024,3,"CT-3"
"46711",112,"House",29908,1,1,"CT",100,0,1,"LARSON, John B.","L000557",1948,NA,-0.397,-0.051,-195.36115,0.86683,1367,80,NA,-0.425,0.002,1,"CT-1"
"46712",112,"House",21113,11,1,"DE",100,0,1,"CARNEY, John C., Jr.","C001083",1956,NA,-0.256,-0.142,-337.76583,0.788,1421,134,NA,-0.22,-0.189,1,"DE-1"
"46713",112,"House",13047,43,10,"FL",200,0,1,"YOUNG, Charles William (Bill)","Y000031",1930,2013,0.325,-0.112,-314.83026,0.787,1316,131,NA,0.318,-0.157,10,"FL-10"
"46714",112,"House",15627,43,6,"FL",200,0,1,"STEARNS, Clifford Bundy","S000822",1941,NA,0.554,-0.075,-233.35025,0.849,1424,99,NA,0.623,-0.343,6,"FL-6"
"46715",112,"House",15634,43,18,"FL",200,0,1,"ROS-LEHTINEN, Ileana","R000435",1952,NA,0.244,-0.225,-295.47327,0.81131,1413,105,NA,0.219,0.095,18,"FL-18"
"46716",112,"House",20110,43,1,"FL",200,0,1,"MILLER, Jefferson B. (Jeff)","M001144",1959,NA,0.633,0.155,-188.74901,0.873,1393,75,NA,0.659,-0.087,1,"FL-1"
"46717",112,"House",20111,43,4,"FL",200,0,1,"CRENSHAW, Ander","C001045",1944,NA,0.333,0.337,-165.98683,0.89,1424,70,NA,0.297,0.544,4,"FL-4"
"46718",112,"House",20316,43,21,"FL",200,0,1,"DIAZ-BALART, Mario","D000600",1961,NA,0.279,0.121,-210.52817,0.85649,1359,74,NA,0.224,0.257,21,"FL-21"
"46719",112,"House",20503,43,14,"FL",200,0,1,"MACK, Connie, IV","M001155",1967,NA,0.601,-0.16,-168.18734,0.872,1225,62,NA,0.694,-0.257,14,"FL-14"
"46720",112,"House",20504,43,20,"FL",100,0,1,"WASSERMAN SCHULTZ, Debbie","W000797",1966,NA,-0.421,0.069,-169.24984,0.88184,1346,59,NA,-0.422,0.096,20,"FL-20"
"46721",112,"House",20708,43,11,"FL",100,0,1,"CASTOR, Kathy","C001066",1966,NA,-0.438,0.045,-196.19178,0.86557,1359,89,NA,-0.393,0.007,11,"FL-11"
"46722",112,"House",20709,43,13,"FL",200,0,1,"BUCHANAN, Vernon G.","B001260",1951,NA,0.358,-0.134,-262.57469,0.82987,1408,105,NA,0.409,-0.277,13,"FL-13"
"46723",112,"House",20758,43,9,"FL",200,0,1,"BILIRAKIS, Gus","B001257",1963,NA,0.405,0.019,-199.31409,0.86615,1387,73,NA,0.401,0.024,9,"FL-9"
"46724",112,"House",20909,43,15,"FL",200,0,1,"POSEY, Bill","P000599",1947,NA,0.518,-0.32,-263.54473,0.83137,1427,116,NA,0.55,-0.222,15,"FL-15"
"46725",112,"House",20910,43,16,"FL",200,0,1,"ROONEY, Thomas J.","R000583",1970,NA,0.458,0.013,-234.82061,0.84798,1424,102,NA,0.526,0.082,16,"FL-16"
"46726",112,"House",20959,43,19,"FL",100,2,2,"DEUTCH, Theodore E. (Ted)","D000610",1966,NA,-0.4,-0.094,-165.44889,0.88601,1367,70,NA,-0.444,-0.041,19,"FL-19"
"46727",112,"House",21114,43,2,"FL",200,0,1,"SOUTHERLAND, Steve","S001186",1965,NA,0.56,0.063,-199.73375,0.87,1431,94,NA,0.588,-0.069,2,"FL-2"
"46728",112,"House",21115,43,5,"FL",200,0,1,"NUGENT, Richard","N000185",1951,NA,0.483,0.077,-200.55318,0.869,1424,87,NA,0.516,0.029,5,"FL-5"
"46729",112,"House",21116,43,8,"FL",200,0,1,"WEBSTER, Daniel A.","W000806",1949,NA,0.506,-0.046,-243.9099,0.84187,1417,98,NA,0.465,-0.005,8,"FL-8"
"46730",112,"House",21117,43,12,"FL",200,0,1,"ROSS, Dennis","R000593",1959,NA,0.531,0.099,-174.68567,0.88409,1418,69,NA,0.6,0.031,12,"FL-12"
"46731",112,"House",21118,43,17,"FL",100,0,1,"WILSON, Frederica","W000808",1942,NA,-0.476,-0.015,-159.58556,0.88514,1308,67,NA,-0.472,0.012,17,"FL-17"
"46732",112,"House",21119,43,22,"FL",200,0,1,"WEST, Allen","W000807",1961,NA,0.451,0.043,-249.34459,0.84,1430,111,NA,0.452,-0.051,22,"FL-22"
"46733",112,"House",21120,43,24,"FL",200,0,1,"ADAMS, Sandra (Sandy)","A000366",1956,NA,0.577,0.043,-188.15606,0.877,1434,87,NA,0.57,-0.075,24,"FL-24"
"46734",112,"House",21121,43,25,"FL",200,0,1,"RIVERA, David","R000590",1965,NA,0.257,0.349,-159.86694,0.893,1414,52,NA,0.254,0.367,25,"FL-25"
"46735",112,"House",29328,43,3,"FL",100,0,1,"BROWN, Corrine","B000911",1946,NA,-0.429,0.192,-217.51885,0.853,1369,78,NA,-0.447,0.268,3,"FL-3"
"46736",112,"House",29331,43,7,"FL",200,0,1,"MICA, John L.","M000689",1943,NA,0.453,0.137,-183.17067,0.879,1426,89,NA,0.503,0.127,7,"FL-7"
"46737",112,"House",29337,43,23,"FL",100,0,1,"HASTINGS, Alcee Lamar","H000324",1936,NA,-0.564,0.157,-210.13973,0.86226,1418,88,NA,-0.51,0.08,23,"FL-23"
"46738",112,"House",15431,44,5,"GA",100,0,1,"LEWIS, John R.","L000287",1940,NA,-0.589,-0.221,-152.649,0.89353,1356,72,NA,-0.552,-0.257,5,"GA-5"
"46739",112,"House",20319,44,11,"GA",200,0,1,"GINGREY, Phil","G000550",1942,NA,0.561,0.272,-189.47756,0.87,1364,76,NA,0.575,0.039,11,"GA-11"
"46740",112,"House",20321,44,13,"GA",100,0,1,"SCOTT, David","S001157",1945,NA,-0.301,0.164,-277.32577,0.82122,1408,98,NA,-0.351,0.132,13,"GA-13"
"46741",112,"House",20505,44,6,"GA",200,0,1,"PRICE, Tom","P000591",1954,NA,0.644,-0.073,-160.33757,0.89393,1430,62,NA,0.652,-0.051,6,"GA-6"
"46742",112,"House",20506,44,3,"GA",200,0,1,"WESTMORELAND, Lynn A.","W000796",1950,NA,0.672,0.189,-171.81261,0.886,1417,73,NA,0.655,0.102,3,"GA-3"
"46743",112,"House",20507,44,12,"GA",100,0,1,"BARROW, John","B001252",1955,NA,-0.119,0.46,-578.55384,0.668,1432,257,NA,-0.184,0.681,12,"GA-12"
"46744",112,"House",20712,44,4,"GA",100,0,1,"JOHNSON, Hank","J000288",1954,NA,-0.469,0.012,-182.67598,0.87465,1364,76,NA,-0.486,0.072,4,"GA-4"
"46745",112,"House",20753,44,10,"GA",200,0,1,"BROUN, Paul C., Jr.","B001262",1946,NA,0.913,-0.408,-192.64579,0.87,1378,85,NA,0.903,-0.328,10,"GA-10"
"46746",112,"House",20962,44,9,"GA",200,0,1,"GRAVES, Tom","G000560",1970,NA,0.716,-0.002,-170.88658,0.88707,1426,74,NA,0.856,-0.234,9,"GA-9"
"46747",112,"House",21122,44,7,"GA",200,0,1,"WOODALL, Rob","W000810",1970,NA,0.596,-0.186,-263.67712,0.83053,1420,108,NA,0.687,-0.274,7,"GA-7"
"46748",112,"House",21123,44,8,"GA",200,0,1,"SCOTT, Austin","S001189",1969,NA,0.569,0.192,-178.83381,0.88135,1416,66,NA,0.605,0.098,8,"GA-8"
"46749",112,"House",29338,44,1,"GA",200,0,1,"KINGSTON, Jack","K000220",1955,NA,0.54,0.302,-273.24294,0.825,1423,114,NA,0.552,0.11,1,"GA-1"
"46750",112,"House",29339,44,2,"GA",100,0,1,"BISHOP, Sanford Dixon, Jr.","B000490",1947,NA,-0.282,0.463,-382.80667,0.75699,1375,173,NA,-0.282,0.564,2,"GA-2"
"46751",112,"House",20713,82,2,"HI",100,0,1,"HIRONO, Mazie","H001042",1947,NA,-0.512,-0.084,-153.21279,0.88593,1265,60,NA,-0.48,-0.091,2,"HI-2"
"46752",112,"House",21124,82,1,"HI",100,0,1,"HANABUSA, Colleen","H001050",1951,NA,-0.37,0.004,-199.88775,0.86895,1423,80,NA,-0.388,0.044,1,"HI-1"
"46753",112,"House",21125,63,1,"ID",200,0,1,"LABRADOR, Raúl R.","L000573",1967,NA,0.735,-0.571,-234.09711,0.84314,1372,106,NA,0.707,-0.442,1,"ID-1"
"46754",112,"House",29910,63,2,"ID",200,0,1,"SIMPSON, Michael K.","S001148",1950,NA,0.297,0.285,-215.0624,0.85946,1420,79,NA,0.266,0.27,2,"ID-2"
"46755",112,"House",15453,21,12,"IL",100,0,1,"COSTELLO, Jerry Francis","C000794",1949,NA,-0.317,0.657,-517.30164,0.681,1348,231,NA,-0.302,0.506,12,"IL-12"
"46756",112,"House",20116,21,15,"IL",200,0,1,"JOHNSON, Timothy V.","J000285",1946,NA,0.264,-0.52,-596.89026,0.644,1357,287,NA,0.398,-0.851,15,"IL-15"
"46757",112,"House",20508,21,3,"IL",100,0,1,"LIPINSKI, Daniel","L000563",1966,NA,-0.228,0.176,-458.51951,0.72289,1413,192,NA,-0.231,0.154,3,"IL-3"
"46758",112,"House",20715,21,6,"IL",200,0,1,"ROSKAM, Peter","R000580",1961,NA,0.429,0.018,-187.28112,0.87554,1409,74,NA,0.404,0.153,6,"IL-6"
"46759",112,"House",20914,21,18,"IL",200,0,1,"SCHOCK, Aaron","S001179",1981,NA,0.311,0.185,-221.02747,0.852,1375,97,NA,0.281,0.249,18,"IL-18"
"46760",112,"House",20954,21,5,"IL",100,0,1,"QUIGLEY, Mike","Q000023",1958,NA,-0.321,-0.281,-247.3704,0.84002,1419,94,NA,-0.304,-0.488,5,"IL-5"
"46761",112,"House",21126,21,8,"IL",200,0,1,"WALSH, Joe","W000811",1961,NA,0.708,-0.707,-246.91471,0.837,1390,103,NA,0.74,-0.636,8,"IL-8"
"46762",112,"House",21127,21,10,"IL",200,0,1,"DOLD, Robert","D000613",1969,NA,0.2,-0.199,-441.31963,0.732,1416,183,NA,0.212,-0.254,10,"IL-10"
"46763",112,"House",21128,21,11,"IL",200,0,1,"KINZINGER, Adam","K000378",1978,NA,0.276,0.306,-241.21951,0.84296,1412,108,NA,0.295,0.254,11,"IL-11"
"46764",112,"House",21129,21,14,"IL",200,0,1,"HULTGREN, Randy","H001059",1966,NA,0.49,-0.034,-223.5623,0.85527,1430,96,NA,0.483,-0.106,14,"IL-14"
"46765",112,"House",21130,21,17,"IL",200,0,1,"SCHILLING, Bobby","S001182",1964,NA,0.364,0.009,-293.24931,0.812,1411,138,NA,0.369,-0.041,17,"IL-17"
"46766",112,"House",29346,21,1,"IL",100,0,1,"RUSH, Bobby L.","R000515",1946,NA,-0.478,-0.203,-201.74413,0.85584,1296,87,NA,-0.559,-0.046,1,"IL-1"
"46767",112,"House",29348,21,4,"IL",100,0,1,"GUTIÉRREZ, Luis V.","G000535",1953,NA,-0.487,-0.26,-205.45777,0.85484,1310,70,NA,-0.449,-0.434,4,"IL-4"
"46768",112,"House",29349,21,16,"IL",200,0,1,"MANZULLO, Donald A.","M001138",1944,NA,0.51,0,-242.3032,0.837,1362,95,NA,0.535,-0.143,16,"IL-16"
"46769",112,"House",29585,21,2,"IL",100,0,1,"JACKSON, Jesse L., Jr.","J000283",1965,NA,-0.538,-0.513,-118.4706,0.898,1096,54,NA,-0.582,-0.345,2,"IL-2"
"46770",112,"House",29717,21,7,"IL",100,0,1,"DAVIS, Danny K.","D000096",1941,NA,-0.486,-0.263,-208.90455,0.85584,1342,83,NA,-0.503,-0.121,7,"IL-7"
"46771",112,"House",29718,21,19,"IL",200,0,1,"SHIMKUS, John M.","S000364",1958,NA,0.375,0.153,-237.62236,0.84358,1397,108,NA,0.303,0.287,19,"IL-19"
"46772",112,"House",29911,21,9,"IL",100,0,1,"SCHAKOWSKY, Janice D.","S001145",1944,NA,-0.606,-0.269,-162.40669,0.89128,1411,74,NA,-0.655,-0.074,9,"IL-9"
"46773",112,"House",29912,21,13,"IL",200,0,1,"BIGGERT, Judy Borg","B001232",1937,NA,0.323,-0.372,-345.20194,0.784,1422,139,NA,0.238,-0.055,13,"IL-13"
"46774",112,"House",15014,22,5,"IN",200,0,1,"BURTON, Danny Lee","B001149",1938,NA,0.585,-0.026,-190.79715,0.864,1309,65,NA,0.616,-0.141,5,"IN-5"
"46775",112,"House",15124,22,1,"IN",100,0,1,"VISCLOSKY, Peter","V000108",1949,NA,-0.402,0.244,-372.91395,0.7644,1388,180,NA,-0.396,0.258,1,"IN-1"
"46776",112,"House",20117,22,6,"IN",200,0,1,"PENCE, Mike","P000587",1959,NA,0.655,0.088,-125.08277,0.911,1341,50,NA,0.621,0.181,6,"IN-6"
"46777",112,"House",20717,22,2,"IN",100,0,1,"DONNELLY, Joe","D000607",1955,NA,-0.119,0.435,-510.67428,0.68921,1372,243,NA,-0.178,0.563,2,"IN-2"
"46778",112,"House",20757,22,7,"IN",100,0,1,"CARSON, André","C001072",1974,NA,-0.431,0.06,-261.98398,0.8256,1367,106,NA,-0.411,0.078,7,"IN-7"
"46779",112,"House",21100,22,3,"IN",200,0,1,"STUTZMAN, Marlin","S001188",1976,NA,0.742,-0.119,-160.42843,0.892,1400,67,NA,0.752,-0.113,3,"IN-3"
"46780",112,"House",21131,22,4,"IN",200,0,1,"ROKITA, Todd","R000592",1970,NA,0.602,-0.16,-157.86907,0.89146,1374,65,NA,0.63,-0.071,4,"IN-4"
"46781",112,"House",21132,22,8,"IN",200,0,1,"BUCSHON, Larry","B001275",1962,NA,0.405,0.256,-141.95857,0.90531,1427,56,NA,0.399,0.271,8,"IN-8"
"46782",112,"House",21133,22,9,"IN",200,0,1,"YOUNG, Todd","Y000064",1972,NA,0.474,-0.029,-183.43741,0.87913,1424,74,NA,0.543,0.075,9,"IN-9"
"46783",112,"House",20325,31,5,"IA",200,0,1,"KING, Steve","K000362",1949,NA,0.613,0.176,-304.19798,0.80357,1391,106,NA,0.511,0.224,5,"IA-5"
"46784",112,"House",20719,31,1,"IA",100,0,1,"BRALEY, Bruce","B001259",1957,NA,-0.31,-0.205,-232.61418,0.842,1357,90,NA,-0.317,-0.303,1,"IA-1"
"46785",112,"House",20720,31,2,"IA",100,0,1,"LOEBSACK, Dave","L000565",1952,NA,-0.276,-0.027,-313.9497,0.80001,1407,136,NA,-0.276,0.007,2,"IA-2"
"46786",112,"House",29522,31,4,"IA",200,0,1,"LATHAM, Thomas","L000111",1948,NA,0.302,0.308,-252.0941,0.838,1425,102,NA,0.25,0.338,4,"IA-4"
"46787",112,"House",29721,31,3,"IA",100,0,1,"BOSWELL, Leonard L.","B000652",1934,NA,-0.238,0.289,-478.95433,0.714,1424,219,NA,-0.252,0.271,3,"IA-3"
"46788",112,"House",20915,32,2,"KS",200,0,1,"JENKINS, Lynn","J000290",1963,NA,0.523,0.004,-156.7322,0.89416,1401,70,NA,0.558,0.142,2,"KS-2"
"46789",112,"House",21134,32,1,"KS",200,0,1,"HUELSKAMP, Tim","H001057",1968,NA,0.744,-0.466,-244.9664,0.843,1431,104,NA,0.708,-0.285,1,"KS-1"
"46790",112,"House",21135,32,3,"KS",200,0,1,"YODER, Kevin","Y000063",1976,NA,0.558,0.03,-198.90028,0.87006,1429,96,NA,0.59,0.022,3,"KS-3"
"46791",112,"House",21136,32,4,"KS",200,0,1,"POMPEO, Mike","P000602",1963,NA,0.66,0.164,-120.11222,0.91938,1429,44,NA,0.689,0.171,4,"KS-4"
"46792",112,"House",14854,51,5,"KY",200,0,1,"ROGERS, Harold Dallas (Hal)","R000395",1937,NA,0.337,0.11,-171.41684,0.88629,1420,67,NA,0.287,0.601,5,"KY-5"
"46793",112,"House",20326,51,6,"KY",100,0,1,"CHANDLER, A. B. (Ben)","C001058",1959,NA,-0.232,0.516,-470.2733,0.716,1407,236,NA,-0.2,0.434,6,"KY-6"
"46794",112,"House",20511,51,4,"KY",200,1,1,"DAVIS, Geoffrey C. (Geoff)","D000603",1958,NA,0.398,0.412,-200.34493,0.86,1324,85,NA,0.337,0.243,4,"KY-4"
"46795",112,"House",20723,51,3,"KY",100,0,1,"YARMUTH, John","Y000062",1947,NA,-0.379,-0.272,-159.42736,0.89149,1388,61,NA,-0.396,-0.214,3,"KY-3"
"46796",112,"House",20916,51,2,"KY",200,0,1,"GUTHRIE, Brett","G000558",1964,NA,0.419,0.274,-153.2001,0.898,1424,54,NA,0.394,0.188,2,"KY-2"
"46797",112,"House",29525,51,1,"KY",200,0,1,"WHITFIELD, Wayne Edward (Ed)","W000413",1943,NA,0.303,0.182,-213.52618,0.858,1398,84,NA,0.312,0.125,1,"KY-1"
"46798",112,"House",31102,51,4,"KY",200,2,2,"MASSIE, Thomas","M001184",1971,NA,0.681,-0.732,-13.3153,0.63182,29,8,NA,0.879,-0.477,4,"KY-4"
"46799",112,"House",20514,45,7,"LA",200,0,1,"BOUSTANY, Charles W.","B001255",1956,NA,0.392,0.308,-194.27829,0.871,1407,81,NA,0.471,0.207,7,"LA-7"
"46800",112,"House",20759,45,1,"LA",200,0,1,"SCALISE, Steve","S001176",1965,NA,0.563,0.154,-158.54731,0.89421,1418,53,NA,0.593,0.174,1,"LA-1"
"46801",112,"House",20918,45,4,"LA",200,0,1,"FLEMING, John","F000456",1951,NA,0.59,0.022,-153.34173,0.898,1426,57,NA,0.621,0.101,4,"LA-4"
"46802",112,"House",20919,45,6,"LA",200,0,1,"CASSIDY, Bill","C001075",1957,NA,0.456,-0.099,-226.76813,0.85076,1403,88,NA,0.455,-0.022,6,"LA-6"
"46803",112,"House",21137,45,2,"LA",100,0,1,"RICHMOND, Cedric","R000588",1973,NA,-0.486,0.332,-284.38411,0.81438,1385,117,NA,-0.469,0.299,2,"LA-2"
"46804",112,"House",21138,45,3,"LA",200,0,1,"LANDRY, Jeff","L000574",1970,NA,0.614,-0.112,-201.59879,0.861,1348,88,NA,0.61,-0.171,3,"LA-3"
"46805",112,"House",90327,45,5,"LA",200,0,1,"ALEXANDER, Rodney","A000361",1946,NA,0.331,0.408,-156.77595,0.894,1400,69,NA,0.29,0.364,5,"LA-5"
"46806",112,"House",20328,2,2,"ME",100,0,1,"MICHAUD, Michael H.","M001149",1955,NA,-0.283,-0.071,-403.33004,0.754,1426,173,NA,-0.236,-0.187,2,"ME-2"
"46807",112,"House",20920,2,1,"ME",100,0,1,"PINGREE, Chellie","P000597",1955,NA,-0.421,-0.401,-177.45024,0.88047,1394,69,NA,-0.434,-0.377,1,"ME-1"
"46808",112,"House",14873,52,5,"MD",100,0,1,"HOYER, Steny Hamilton","H000874",1939,NA,-0.38,0.117,-219.40355,0.85261,1376,85,NA,-0.41,0.152,5,"MD-5"
"46809",112,"House",20329,52,2,"MD",100,0,1,"RUPPERSBERGER, C. A. (Dutch)","R000576",1946,NA,-0.295,0.133,-291.30906,0.80945,1378,104,NA,-0.311,0.163,2,"MD-2"
"46810",112,"House",20330,52,8,"MD",100,0,1,"VAN HOLLEN, Christopher","V000128",1959,NA,-0.391,-0.205,-175.56946,0.88269,1407,74,NA,-0.39,-0.081,8,"MD-8"
"46811",112,"House",20724,52,3,"MD",100,0,1,"SARBANES, John","S001168",1962,NA,-0.468,-0.074,-168.13963,0.88885,1427,90,NA,-0.476,-0.053,3,"MD-3"
"46812",112,"House",20763,52,4,"MD",100,0,1,"EDWARDS, Donna F.","E000290",1958,NA,-0.562,-0.294,-172.40265,0.886,1418,74,NA,-0.56,-0.256,4,"MD-4"
"46813",112,"House",21139,52,1,"MD",200,0,1,"HARRIS, Andy","H001052",1957,NA,0.655,-0.378,-426.19425,0.74134,1424,157,NA,0.534,-0.383,1,"MD-1"
"46814",112,"House",29356,52,6,"MD",200,0,1,"BARTLETT, Roscoe Gardner","B000208",1926,NA,0.493,-0.091,-390.64968,0.757,1404,149,NA,0.424,-0.287,6,"MD-6"
"46815",112,"House",29587,52,7,"MD",100,0,1,"CUMMINGS, Elijah Eugene","C000984",1951,NA,-0.438,-0.148,-186.52182,0.87593,1408,84,NA,-0.495,-0.057,7,"MD-7"
"46816",112,"House",14435,3,7,"MA",100,0,1,"MARKEY, Edward John","M000133",1946,NA,-0.512,-0.453,-139.23498,0.90507,1396,64,NA,-0.535,-0.399,7,"MA-7"
"46817",112,"House",14824,3,4,"MA",100,0,1,"FRANK, Barney","F000339",1940,NA,-0.499,-0.534,-224.92067,0.85,1382,73,NA,-0.407,-0.532,4,"MA-4"
"46818",112,"House",15616,3,2,"MA",100,0,1,"NEAL, Richard Edmund","N000015",1949,NA,-0.417,-0.11,-145.02388,0.89655,1328,56,NA,-0.438,-0.257,2,"MA-2"
"46819",112,"House",20119,3,9,"MA",100,0,1,"LYNCH, Stephen F.","L000562",1955,NA,-0.35,0.037,-330.64459,0.79057,1407,146,NA,-0.339,-0.056,9,"MA-9"
"46820",112,"House",20754,3,5,"MA",100,0,1,"TSONGAS, Nicola S. (Niki)","T000465",1946,NA,-0.396,-0.199,-183.33596,0.87517,1375,79,NA,-0.353,-0.214,5,"MA-5"
"46821",112,"House",21140,3,10,"MA",100,0,1,"KEATING, William R.","K000375",1952,NA,-0.329,-0.132,-235.91002,0.84503,1401,116,NA,-0.345,-0.238,10,"MA-10"
"46822",112,"House",29123,3,1,"MA",100,0,1,"OLVER, John Walter","O000085",1936,NA,-0.577,-0.207,-147.69865,0.892,1295,63,NA,-0.601,-0.257,1,"MA-1"
"46823",112,"House",29729,3,3,"MA",100,0,1,"McGOVERN, James P.","M000312",1959,NA,-0.539,-0.301,-144.52237,0.90362,1426,72,NA,-0.507,-0.464,3,"MA-3"
"46824",112,"House",29730,3,6,"MA",100,0,1,"TIERNEY, John F.","T000266",1951,NA,-0.488,-0.433,-165.07451,0.889,1402,71,NA,-0.455,-0.363,6,"MA-6"
"46825",112,"House",29919,3,8,"MA",100,0,1,"CAPUANO, Michael Everett","C001037",1952,NA,-0.58,-0.082,-178.18955,0.88065,1402,87,NA,-0.562,-0.251,8,"MA-8"
"46826",112,"House",2605,23,15,"MI",100,0,1,"DINGELL, John David, Jr.","D000355",1926,NA,-0.448,0.313,-249.71431,0.835,1384,113,NA,-0.431,0.313,15,"MI-15"
"46827",112,"House",10713,23,14,"MI",100,0,1,"CONYERS, John, Jr.","C000714",1929,NA,-0.658,-0.512,-201.91859,0.86231,1363,81,NA,-0.569,-0.424,14,"MI-14"
"46828",112,"House",14430,23,5,"MI",100,0,1,"KILDEE, Dale Edward","K000172",1929,NA,-0.385,0.011,-202.06503,0.868,1423,64,NA,-0.466,0.194,5,"MI-5"
"46829",112,"House",15033,23,12,"MI",100,0,1,"LEVIN, Sander Martin","L000263",1931,NA,-0.379,-0.091,-176.43372,0.884,1431,67,NA,-0.388,0.015,12,"MI-12"
"46830",112,"House",15446,23,6,"MI",200,0,1,"UPTON, Frederick Stephen","U000031",1953,NA,0.334,-0.382,-292.06695,0.81573,1434,103,NA,0.408,-0.272,6,"MI-6"
"46831",112,"House",20120,23,8,"MI",200,0,1,"ROGERS, Mike","R000572",1963,NA,0.4,0.098,-170.54424,0.887,1418,64,NA,0.426,0.223,8,"MI-8"
"46832",112,"House",20331,23,10,"MI",200,0,1,"MILLER, Candice S.","M001150",1954,NA,0.343,-0.001,-282.56851,0.821,1432,121,NA,0.435,-0.232,10,"MI-10"
"46833",112,"House",20332,23,11,"MI",200,1,1,"McCOTTER, Thaddeus George","M001147",1965,NA,0.335,0.012,-255.47863,0.809,1206,113,NA,0.36,0.003,11,"MI-11"
"46834",112,"House",20725,23,7,"MI",200,0,1,"WALBERG, Tim","W000798",1951,NA,0.517,0.071,-198.26201,0.86986,1422,80,NA,0.569,-0.042,7,"MI-7"
"46835",112,"House",20923,23,9,"MI",100,0,1,"PETERS, Gary C.","P000595",1958,NA,-0.245,-0.187,-378.11973,0.76108,1385,164,NA,-0.271,-0.264,9,"MI-9"
"46836",112,"House",21141,23,1,"MI",200,0,1,"BENISHEK, Dan","B001271",1952,NA,0.491,-0.15,-274.7757,0.825,1426,131,NA,0.592,-0.367,1,"MI-1"
"46837",112,"House",21142,23,2,"MI",200,0,1,"HUIZENGA, Bill","H001058",1969,NA,0.581,-0.082,-191.77288,0.87275,1409,84,NA,0.651,-0.229,2,"MI-2"
"46838",112,"House",21143,23,3,"MI",200,0,1,"AMASH, Justin","A000367",1980,NA,0.654,-0.757,-442.64186,0.72794,1394,216,NA,0.821,-0.571,3,"MI-3"
"46839",112,"House",21145,23,13,"MI",100,0,1,"CLARKE, Hansen","C001085",1957,NA,-0.478,-0.192,-153.9563,0.898,1424,66,NA,-0.469,-0.221,13,"MI-13"
"46840",112,"House",29124,23,4,"MI",200,0,1,"CAMP, David Lee","C000071",1953,NA,0.385,-0.048,-202.67203,0.867,1421,77,NA,0.393,0.001,4,"MI-4"
"46841",112,"House",31100,23,11,"MI",100,2,2,"CURSON, David Alan","C001089",1948,NA,-0.409,0.81,-3.95402,0.873,29,2,NA,-0.416,0.83,11,"MI-11"
"46842",112,"House",20122,33,4,"MN",100,0,1,"McCOLLUM, Betty","M001143",1954,NA,-0.418,-0.189,-182.71777,0.87402,1357,74,NA,-0.425,-0.143,4,"MN-4"
"46843",112,"House",20333,33,2,"MN",200,0,1,"KLINE, John","K000363",1947,NA,0.49,0.154,-146.37568,0.903,1433,43,NA,0.511,0.241,2,"MN-2"
"46844",112,"House",20726,33,1,"MN",100,0,1,"WALZ, Tim","W000799",1964,NA,-0.275,0.131,-335.79454,0.78808,1410,141,NA,-0.289,0.219,1,"MN-1"
"46845",112,"House",20727,33,5,"MN",100,0,1,"ELLISON, Keith","E000288",1963,NA,-0.537,-0.58,-140.33274,0.89834,1309,46,NA,-0.522,-0.54,5,"MN-5"
"46846",112,"House",20728,33,6,"MN",200,0,1,"BACHMANN, Michele","B001256",1956,NA,0.584,-0.03,-205.16136,0.832,1113,76,NA,0.624,-0.19,6,"MN-6"
"46847",112,"House",20924,33,3,"MN",200,0,1,"PAULSEN, Erik","P000594",1965,NA,0.402,-0.191,-262.01765,0.83107,1416,99,NA,0.412,-0.2,3,"MN-3"
"46848",112,"House",21146,33,8,"MN",200,0,1,"CRAVAACK, Chip","C001086",1959,NA,0.366,0.144,-240.99513,0.844,1425,107,NA,0.365,0.148,8,"MN-8"
"46849",112,"House",29127,33,7,"MN",100,0,1,"PETERSON, Collin Clark","P000258",1944,NA,-0.148,0.712,-606.5072,0.64882,1402,266,NA,-0.147,0.76,7,"MN-7"
"46850",112,"House",20925,46,3,"MS",200,0,1,"HARPER, Gregg","H001045",1956,NA,0.384,0.48,-153.20806,0.89813,1426,68,NA,0.354,0.548,3,"MS-3"
"46851",112,"House",21147,46,1,"MS",200,0,1,"NUNNELEE, Alan","N000186",1958,2015,0.488,0.574,-154.09511,0.895,1395,66,NA,0.484,0.399,1,"MS-1"
"46852",112,"House",21148,46,4,"MS",200,0,1,"PALAZZO, Steven","P000601",1970,NA,0.524,0.528,-150.98003,0.89933,1423,71,NA,0.457,0.585,4,"MS-4"
"46853",112,"House",29368,46,2,"MS",100,0,1,"THOMPSON, Bennie","T000193",1948,NA,-0.516,0.399,-272.13651,0.82091,1379,136,NA,-0.546,0.451,2,"MS-2"
"46854",112,"House",20123,34,2,"MO",200,0,1,"AKIN, W. Todd","A000358",1947,NA,0.612,0.235,-128.91502,0.898,1198,51,NA,0.561,0.152,2,"MO-2"
"46855",112,"House",20124,34,6,"MO",200,0,1,"GRAVES, Samuel","G000546",1963,NA,0.443,0.173,-206.79006,0.86084,1380,86,NA,0.493,0.214,6,"MO-6"
"46856",112,"House",20147,34,1,"MO",100,0,1,"CLAY, William Lacy, Jr.","C001049",1956,NA,-0.481,-0.079,-197.25639,0.86599,1371,84,NA,-0.519,-0.165,1,"MO-1"
"46857",112,"House",20516,34,3,"MO",100,0,1,"CARNAHAN, Russ","C001060",1958,NA,-0.347,-0.005,-188.89602,0.874,1397,66,NA,-0.387,0.011,3,"MO-3"
"46858",112,"House",20517,34,5,"MO",100,0,1,"CLEAVER, Emanuel, II","C001061",1944,NA,-0.453,0.014,-227.59965,0.84724,1373,91,NA,-0.46,-0.032,5,"MO-5"
"46859",112,"House",20926,34,9,"MO",200,0,1,"LUETKEMEYER, Blaine","L000569",1952,NA,0.438,0.26,-152.09906,0.8991,1430,54,NA,0.459,0.476,9,"MO-9"
"46860",112,"House",21149,34,4,"MO",200,0,1,"HARTZLER, Vicky","H001053",1960,NA,0.464,0.323,-197.69351,0.86918,1410,83,NA,0.509,0.221,4,"MO-4"
"46861",112,"House",21150,34,7,"MO",200,0,1,"LONG, Billy","L000576",1955,NA,0.547,0.24,-195.30769,0.86874,1388,79,NA,0.62,0.262,7,"MO-7"
"46862",112,"House",29736,34,8,"MO",200,0,1,"EMERSON, Jo Ann","E000172",1950,NA,0.269,0.274,-253.72397,0.833,1389,113,NA,0.295,0.117,8,"MO-8"
"46863",112,"House",20125,64,1,"MT",200,0,1,"REHBERG, Denny","R000571",1955,NA,0.337,0.244,-243.05497,0.844,1429,101,NA,0.309,0.189,1,"MT-1"
"46864",112,"House",20518,35,1,"NE",200,0,1,"FORTENBERRY, Jeff","F000449",1960,NA,0.301,-0.061,-352.84964,0.77637,1394,139,NA,0.293,-0.2,1,"NE-1"
"46865",112,"House",20729,35,3,"NE",200,0,1,"SMITH, Adrian","S001172",1970,NA,0.517,0.189,-166.77081,0.88948,1424,75,NA,0.495,0.331,3,"NE-3"
"46866",112,"House",29921,35,2,"NE",200,0,1,"TERRY, Lee Raymond","T000459",1962,NA,0.426,-0.067,-320.70919,0.798,1419,145,NA,0.407,-0.1,2,"NE-2"
"46867",112,"House",20730,65,2,"NV",200,1,1,"HELLER, Dean","H001041",1960,NA,0.463,-0.459,-65.65019,0.78899,277,27,NA,0.711,-0.703,2,"NV-2"
"46868",112,"House",21151,65,3,"NV",200,0,1,"HECK, Joe","H001055",1961,NA,0.324,0.014,-321.85278,0.799,1433,139,NA,0.308,0.024,3,"NV-3"
"46869",112,"House",21196,65,2,"NV",200,2,2,"AMODEI, Mark E.","A000369",1958,NA,0.383,0.196,-105.97181,0.86573,735,43,NA,0.447,-0.035,2,"NV-2"
"46870",112,"House",29922,65,1,"NV",100,0,1,"BERKLEY, Shelley","B001231",1951,NA,-0.302,0.024,-306.58093,0.805,1410,116,NA,-0.288,0.056,1,"NV-1"
"46871",112,"House",21152,4,1,"NH",200,0,1,"GUINTA, Frank","G000570",1970,NA,0.433,0.164,-175.63493,0.882,1396,75,NA,0.433,0.074,1,"NH-1"
"46872",112,"House",29538,4,2,"NH",200,0,1,"BASS, Charles Foster","B000220",1952,NA,0.331,-0.556,-428.01426,0.738,1408,207,NA,0.257,-0.377,2,"NH-2"
"46873",112,"House",14863,12,4,"NJ",200,0,1,"SMITH, Christopher Henry","S000522",1953,NA,0.164,-0.168,-383.6906,0.7622,1413,165,NA,0.228,-0.277,4,"NJ-4"
"46874",112,"House",15454,12,6,"NJ",100,0,1,"PALLONE, Frank, Jr.","P000034",1951,NA,-0.404,-0.164,-165.51295,0.8907,1430,70,NA,-0.519,-0.225,6,"NJ-6"
"46875",112,"House",15619,12,10,"NJ",100,1,1,"PAYNE, Donald Milford","P000149",1934,2012,-0.592,-0.547,-80.02229,0.906,815,38,NA,-0.602,-0.535,10,"NJ-10"
"46876",112,"House",20336,12,5,"NJ",200,0,1,"GARRETT, Scott","G000548",1959,NA,0.688,-0.243,-196.80116,0.87,1409,91,NA,0.742,-0.244,5,"NJ-5"
"46877",112,"House",20542,12,13,"NJ",100,0,1,"SIRES, Albio","S001165",1951,NA,-0.405,0.094,-210.24823,0.85897,1383,96,NA,-0.413,0.119,13,"NJ-13"
"46878",112,"House",20929,12,7,"NJ",200,0,1,"LANCE, Leonard","L000567",1952,NA,0.329,-0.237,-335.93674,0.79102,1433,147,NA,0.337,-0.259,7,"NJ-7"
"46879",112,"House",21153,12,3,"NJ",200,0,1,"RUNYAN, Jon","R000594",1973,NA,0.222,0.089,-237.40857,0.846,1418,82,NA,0.228,0.115,3,"NJ-3"
"46880",112,"House",29132,12,1,"NJ",100,0,1,"ANDREWS, Robert Ernest","A000210",1957,NA,-0.297,-0.119,-269.69375,0.823,1384,116,NA,-0.411,0.092,1,"NJ-1"
"46881",112,"House",29539,12,2,"NJ",200,0,1,"LoBIONDO, Frank A.","L000554",1946,NA,0.211,-0.224,-434.6886,0.7385,1434,207,NA,0.226,-0.274,2,"NJ-2"
"46882",112,"House",29541,12,11,"NJ",200,0,1,"FRELINGHUYSEN, Rodney P.","F000372",1946,NA,0.292,-0.262,-271.41462,0.81478,1325,107,NA,0.246,0.1,11,"NJ-11"
"46883",112,"House",29741,12,8,"NJ",100,0,1,"PASCRELL, William J., Jr.","P000096",1937,NA,-0.367,-0.005,-186.48882,0.86935,1332,82,NA,-0.429,0.105,8,"NJ-8"
"46884",112,"House",29742,12,9,"NJ",100,0,1,"ROTHMAN, Steven","R000462",1952,NA,-0.352,-0.092,-188.17851,0.87,1355,77,NA,-0.394,0.08,9,"NJ-9"
"46885",112,"House",29923,12,12,"NJ",100,0,1,"HOLT, Rush","H001032",1948,NA,-0.463,-0.33,-172.99068,0.886,1425,61,NA,-0.482,-0.334,12,"NJ-12"
"46886",112,"House",31103,12,10,"NJ",100,2,2,"PAYNE, Donald, Jr.","P000604",1958,NA,-0.516,-0.098,-2.76737,0.90258,27,0,NA,-0.43,-0.374,10,"NJ-10"
"46887",112,"House",20337,66,2,"NM",200,0,1,"PEARCE, Stevan","P000588",1947,NA,0.472,0.064,-269.22746,0.82483,1398,121,NA,0.502,0.034,2,"NM-2"
"46888",112,"House",20930,66,1,"NM",100,0,1,"HEINRICH, Martin","H001046",1971,NA,-0.326,-0.025,-309.49645,0.7966,1361,117,NA,-0.287,-0.019,1,"NM-1"
"46889",112,"House",20932,66,3,"NM",100,0,1,"LUJÁN, Ben Ray","L000570",1972,NA,-0.367,0.013,-239.062,0.84333,1403,99,NA,-0.342,-0.032,3,"NM-3"
"46890",112,"House",13035,13,15,"NY",100,0,1,"RANGEL, Charles B.","R000053",1930,NA,-0.514,-0.341,-165.79793,0.869,1182,75,NA,-0.479,-0.188,15,"NY-15"
"46891",112,"House",15000,13,5,"NY",100,0,1,"ACKERMAN, Gary Leonard","A000022",1942,NA,-0.429,-0.165,-218.71898,0.848,1323,97,NA,-0.429,0.081,5,"NY-5"
"46892",112,"House",15072,13,10,"NY",100,0,1,"TOWNS, Edolphus","T000326",1934,NA,-0.519,-0.132,-185.75804,0.868,1307,75,NA,-0.53,-0.058,10,"NY-10"
"46893",112,"House",15444,13,28,"NY",100,0,1,"SLAUGHTER, Louise McIntosh","S000480",1929,2018,-0.465,-0.104,-128.88375,0.89319,1141,60,NA,-0.483,-0.261,28,"NY-28"
"46894",112,"House",15603,13,17,"NY",100,0,1,"ENGEL, Eliot Lance","E000179",1947,NA,-0.408,-0.093,-237.19107,0.8381,1343,97,NA,-0.426,0.141,17,"NY-17"
"46895",112,"House",15612,13,18,"NY",100,0,1,"LOWEY, Nita M.","L000480",1937,NA,-0.389,-0.152,-179.56316,0.87938,1397,86,NA,-0.385,0.012,18,"NY-18"
"46896",112,"House",20129,13,2,"NY",100,0,1,"ISRAEL, Steve","I000057",1958,NA,-0.334,-0.051,-212.79055,0.86,1413,86,NA,-0.394,0.1,2,"NY-2"
"46897",112,"House",20338,13,1,"NY",100,0,1,"BISHOP, Timothy H.","B001242",1950,NA,-0.338,-0.05,-235.4931,0.843,1383,96,NA,-0.338,-0.048,1,"NY-1"
"46898",112,"House",20519,13,27,"NY",100,0,1,"HIGGINS, Brian","H001038",1959,NA,-0.347,-0.032,-230.76998,0.84883,1408,86,NA,-0.329,-0.031,27,"NY-27"
"46899",112,"House",20733,13,11,"NY",100,0,1,"CLARKE, Yvette Diane","C001067",1964,NA,-0.614,-0.206,-158.74324,0.89119,1378,76,NA,-0.646,-0.182,11,"NY-11"
"46900",112,"House",20934,13,21,"NY",100,0,1,"TONKO, Paul","T000469",1949,NA,-0.42,-0.265,-165.14636,0.89057,1425,61,NA,-0.418,-0.303,21,"NY-21"
"46901",112,"House",20936,13,26,"NY",200,1,1,"LEE, Christopher John","L000568",1964,NA,0.313,0.16,NA,NA,NA,NA,NA,0.47,0.878,26,"NY-26"
"46902",112,"House",20957,13,23,"NY",100,0,1,"OWENS, William","O000169",1949,NA,-0.182,0.409,-582.44831,0.659,1398,274,NA,-0.171,0.342,23,"NY-23"
"46903",112,"House",21101,13,29,"NY",200,0,1,"REED, Thomas W. II","R000585",1971,NA,0.278,0.112,-313.56636,0.80186,1420,127,NA,0.347,0.001,29,"NY-29"
"46904",112,"House",21154,13,13,"NY",200,0,1,"GRIMM, Michael G.","G000569",1970,NA,0.219,0.136,-278.69979,0.821,1411,115,NA,0.236,0.137,13,"NY-13"
"46905",112,"House",21155,13,19,"NY",200,0,1,"HAYWORTH, Nan","H001054",1959,NA,0.282,-0.182,-360.58358,0.776,1424,151,NA,0.286,-0.208,19,"NY-19"
"46906",112,"House",21156,13,20,"NY",200,0,1,"GIBSON, Christopher","G000564",1964,NA,0.203,-0.455,-615.20738,0.65,1427,305,NA,0.233,-0.529,20,"NY-20"
"46907",112,"House",21157,13,24,"NY",200,0,1,"HANNA, Richard","H001051",1951,NA,0.215,-0.145,-417.08572,0.741,1390,181,NA,0.238,-0.197,24,"NY-24"
"46908",112,"House",21158,13,25,"NY",200,0,1,"BUERKLE, Ann Marie","B001276",1951,NA,0.579,0.253,-157.14503,0.894,1407,68,NA,0.57,0.133,25,"NY-25"
"46909",112,"House",21194,13,26,"NY",100,2,2,"HOCHUL, Kathleen C.","H001062",1958,NA,-0.239,0.317,-382.73427,0.701,1077,158,NA,-0.219,0.232,26,"NY-26"
"46910",112,"House",21197,13,9,"NY",200,2,2,"TURNER, Robert L.","T000471",1941,NA,0.281,0.302,-100.34413,0.875,753,32,NA,0.283,0.242,9,"NY-9"
"46911",112,"House",29134,13,16,"NY",100,0,1,"SERRANO, José E.","S000248",1943,NA,-0.491,-0.377,-155.9714,0.89507,1407,63,NA,-0.511,-0.35,16,"NY-16"
"46912",112,"House",29375,13,3,"NY",200,0,1,"KING, Peter T.","K000210",1944,NA,0.259,-0.031,-267.56714,0.82682,1407,98,NA,0.227,0.227,3,"NY-3"
"46913",112,"House",29377,13,8,"NY",100,0,1,"NADLER, Jerrold Lewis","N000002",1947,NA,-0.509,-0.506,-144.959,0.89868,1357,63,NA,-0.502,-0.461,8,"NY-8"
"46914",112,"House",29378,13,12,"NY",100,0,1,"VELÁZQUEZ, Nydia M.","V000081",1953,NA,-0.547,-0.339,-148.12737,0.89673,1359,69,NA,-0.537,-0.401,12,"NY-12"
"46915",112,"House",29379,13,14,"NY",100,0,1,"MALONEY, Carolyn Bosher","M000087",1946,NA,-0.387,-0.28,-179.02912,0.87891,1387,77,NA,-0.389,-0.364,14,"NY-14"
"46916",112,"House",29380,13,22,"NY",100,0,1,"HINCHEY, Maurice Dunlea","H000627",1938,NA,-0.575,-0.007,-160.82802,0.872,1178,69,NA,-0.559,0.047,22,"NY-22"
"46917",112,"House",29744,13,4,"NY",100,0,1,"McCARTHY, Carolyn","M000309",1944,NA,-0.294,-0.04,-246.12083,0.833,1343,86,NA,-0.317,0.08,4,"NY-4"
"46918",112,"House",29776,13,6,"NY",100,0,1,"MEEKS, Gregory W.","M001137",1953,NA,-0.413,-0.075,-193.43858,0.86015,1284,82,NA,-0.435,0.03,6,"NY-6"
"46919",112,"House",29925,13,7,"NY",100,0,1,"CROWLEY, Joseph","C001038",1962,NA,-0.412,-0.07,-172.86959,0.88218,1379,69,NA,-0.412,-0.172,7,"NY-7"
"46920",112,"House",29926,13,9,"NY",100,1,1,"WEINER, Anthony D.","W000792",1964,NA,-0.408,-0.371,-64.57824,0.843,379,32,NA,-0.404,-0.568,9,"NY-9"
"46921",112,"House",15092,47,6,"NC",200,0,1,"COBLE, Howard","C000556",1931,2015,0.52,-0.081,-274.73379,0.809,1293,111,NA,0.495,-0.275,6,"NC-6"
"46922",112,"House",15438,47,4,"NC",100,0,1,"PRICE, David Eugene","P000523",1940,NA,-0.343,-0.03,-191.53587,0.87423,1425,76,NA,-0.43,-0.026,4,"NC-4"
"46923",112,"House",20340,47,1,"NC",100,0,1,"BUTTERFIELD, George Kenneth, Jr. (G.K.)","B001251",1947,NA,-0.404,0.182,-252.76559,0.82832,1342,84,NA,-0.389,0.213,1,"NC-1"
"46924",112,"House",20341,47,13,"NC",100,0,1,"MILLER, Brad","M001154",1953,NA,-0.376,0.063,-224.07065,0.854,1423,91,NA,-0.444,0.171,13,"NC-13"
"46925",112,"House",20521,47,5,"NC",200,0,1,"FOXX, Virginia Ann","F000450",1943,NA,0.63,0.129,-245.81561,0.84217,1431,102,NA,0.682,0.08,5,"NC-5"
"46926",112,"House",20522,47,10,"NC",200,0,1,"McHENRY, Patrick T.","M001156",1975,NA,0.552,0.079,-158.78483,0.89198,1389,59,NA,0.606,0.016,10,"NC-10"
"46927",112,"House",20737,47,11,"NC",100,0,1,"SHULER, Heath","S001171",1971,NA,-0.07,0.224,-624.4027,0.613,1274,324,NA,-0.06,0.069,11,"NC-11"
"46928",112,"House",20938,47,8,"NC",100,0,1,"KISSELL, Larry","K000369",1951,NA,-0.182,0.375,-599.6391,0.655,1419,289,NA,-0.143,0.256,8,"NC-8"
"46929",112,"House",21159,47,2,"NC",200,0,1,"ELLMERS, Renee","E000291",1964,NA,0.406,0.338,-144.17439,0.903,1406,62,NA,0.456,0.383,2,"NC-2"
"46930",112,"House",29383,47,12,"NC",100,0,1,"WATT, Melvin L.","W000207",1945,NA,-0.526,-0.155,-208.28909,0.861,1390,75,NA,-0.46,-0.089,12,"NC-12"
"46931",112,"House",29546,47,3,"NC",200,0,1,"JONES, Walter Beaman, Jr.","J000255",1943,NA,0.244,-0.362,-1135.01523,0.44221,1391,498,NA,0.144,-0.372,3,"NC-3"
"46932",112,"House",29549,47,9,"NC",200,0,1,"MYRICK, Sue","M001134",1941,NA,0.56,0.027,-170.32693,0.879,1316,72,NA,0.518,0.166,9,"NC-9"
"46933",112,"House",29746,47,7,"NC",100,0,1,"McINTYRE, Mike","M000485",1956,NA,-0.148,0.56,-686.80963,0.606,1370,320,NA,-0.13,0.366,7,"NC-7"
"46934",112,"House",21160,36,1,"ND",200,0,1,"BERG, Rick","B001272",1959,NA,0.328,0.427,-175.89691,0.882,1398,77,NA,0.333,0.306,1,"ND-1"
"46935",112,"House",15029,24,9,"OH",100,0,1,"KAPTUR, Marcia Carolyn (Marcy)","K000009",1946,NA,-0.35,0.109,-267.55394,0.82294,1373,113,NA,-0.401,0.15,9,"OH-9"
"46936",112,"House",20130,24,12,"OH",200,0,1,"TIBERI, Patrick (Pat)","T000462",1962,NA,0.386,-0.026,-259.57191,0.83261,1417,127,NA,0.32,0.028,12,"OH-12"
"46937",112,"House",20342,24,3,"OH",200,0,1,"TURNER, Michael R.","T000463",1960,NA,0.271,0.208,-237.20551,0.84666,1425,97,NA,0.254,0.171,3,"OH-3"
"46938",112,"House",20343,24,17,"OH",100,0,1,"RYAN, Timothy J.","R000577",1973,NA,-0.403,0.213,-288.18144,0.81527,1411,155,NA,-0.438,0.265,17,"OH-17"
"46939",112,"House",20540,24,2,"OH",200,0,1,"SCHMIDT, Jean","S001164",1951,NA,0.467,-0.1,-237.32072,0.843,1385,89,NA,0.467,-0.149,2,"OH-2"
"46940",112,"House",20738,24,4,"OH",200,0,1,"JORDAN, Jim","J000289",1964,NA,0.718,-0.219,-141.21921,0.90424,1403,54,NA,0.731,-0.121,4,"OH-4"
"46941",112,"House",20740,24,13,"OH",100,0,1,"SUTTON, Betty","S001174",1963,NA,-0.44,0.165,-220.09753,0.853,1387,105,NA,-0.428,0.14,13,"OH-13"
"46942",112,"House",20755,24,5,"OH",200,0,1,"LATTA, Robert E.","L000566",1956,NA,0.518,0.261,-137.58897,0.90845,1433,51,NA,0.508,0.365,5,"OH-5"
"46943",112,"House",20940,24,7,"OH",200,0,1,"AUSTRIA, Steve","A000365",1958,NA,0.367,0.305,-146.36115,0.899,1380,60,NA,0.326,0.454,7,"OH-7"
"46944",112,"House",20941,24,11,"OH",100,0,1,"FUDGE, Marcia L.","F000455",1952,NA,-0.582,0.14,-195.11595,0.87102,1413,75,NA,-0.609,0.06,11,"OH-11"
"46945",112,"House",21162,24,6,"OH",200,0,1,"JOHNSON, Bill","J000292",1954,NA,0.431,0.283,-236.12479,0.84789,1431,101,NA,0.463,0.155,6,"OH-6"
"46946",112,"House",21163,24,15,"OH",200,0,1,"STIVERS, Steve","S001187",1965,NA,0.298,0.271,-214.60132,0.84351,1261,97,NA,0.271,0.162,15,"OH-15"
"46947",112,"House",21164,24,16,"OH",200,0,1,"RENACCI, Jim","R000586",1958,NA,0.387,0.143,-294.44229,0.81332,1425,130,NA,0.395,0.012,16,"OH-16"
"46948",112,"House",21165,24,18,"OH",200,0,1,"GIBBS, Bob","G000563",1954,NA,0.472,0.322,-163.13069,0.89226,1431,74,NA,0.429,0.305,18,"OH-18"
"46949",112,"House",29137,24,8,"OH",200,0,1,"BOEHNER, John Andrew","B000589",1949,NA,0.513,0.04,NA,NA,NA,NA,NA,0.052,0.912,8,"OH-8"
"46950",112,"House",29550,24,1,"OH",200,0,1,"CHABOT, Steve","C000266",1953,NA,0.572,-0.208,-180.45492,0.8816,1432,66,NA,0.622,-0.158,1,"OH-1"
"46951",112,"House",29553,24,14,"OH",200,0,1,"LaTOURETTE, Steven C.","L000553",1954,2016,0.211,-0.063,-316.31448,0.795,1382,116,NA,0.179,0.073,14,"OH-14"
"46952",112,"House",29748,24,10,"OH",100,0,1,"KUCINICH, Dennis","K000336",1946,NA,-0.582,0.024,-333.82678,0.782,1357,130,NA,-0.79,-0.071,10,"OH-10"
"46953",112,"House",20131,53,1,"OK",200,0,1,"SULLIVAN, John","S001155",1965,NA,0.513,0.173,-170.21479,0.879,1320,79,NA,0.471,0.125,1,"OK-1"
"46954",112,"House",20344,53,4,"OK",200,0,1,"COLE, Tom","C001053",1949,NA,0.331,0.361,-185.52777,0.87752,1420,79,NA,0.289,0.401,4,"OK-4"
"46955",112,"House",20523,53,2,"OK",100,0,1,"BOREN, Daniel David","B001254",1973,NA,-0.112,0.994,-367.20212,0.764,1363,161,NA,-0.071,0.887,2,"OK-2"
"46956",112,"House",21166,53,5,"OK",200,0,1,"LANKFORD, James","L000575",1968,NA,0.59,0.173,-163.36632,0.89183,1427,68,NA,0.535,0.154,5,"OK-5"
"46957",112,"House",29393,53,3,"OK",200,0,1,"LUCAS, Frank D.","L000491",1960,NA,0.362,0.417,-151.2567,0.89862,1415,55,NA,0.295,0.58,3,"OK-3"
"46958",112,"House",15410,72,4,"OR",100,0,1,"DeFAZIO, Peter Anthony","D000191",1947,NA,-0.428,0.005,-510.01795,0.69523,1403,208,NA,-0.277,-0.202,4,"OR-4"
"46959",112,"House",20944,72,5,"OR",100,0,1,"SCHRADER, Kurt","S001180",1951,NA,-0.188,0.06,-601.3401,0.64739,1383,272,NA,-0.174,-0.021,5,"OR-5"
"46960",112,"House",21198,72,1,"OR",100,2,2,"BONAMICI, Suzanne","B001278",1954,NA,-0.394,-0.397,-52.32936,0.90731,538,22,NA,-0.389,-0.36,1,"OR-1"
"46961",112,"House",29588,72,3,"OR",100,0,1,"BLUMENAUER, Earl","B000574",1948,NA,-0.427,-0.669,-231.22069,0.84333,1357,89,NA,-0.39,-0.551,3,"OR-3"
"46962",112,"House",29931,72,1,"OR",100,1,1,"WU, David","W000793",1955,NA,-0.37,0.031,-151.21454,0.791,644,66,NA,-0.344,-0.24,1,"OR-1"
"46963",112,"House",29932,72,2,"OR",200,0,1,"WALDEN, Greg","W000791",1957,NA,0.334,-0.012,-257.71915,0.83456,1425,109,NA,0.366,-0.118,2,"OR-2"
"46964",112,"House",20134,14,9,"PA",200,0,1,"SHUSTER, William (Bill)","S001154",1961,NA,0.374,0.323,-171.87619,0.88501,1407,77,NA,0.316,0.369,9,"PA-9"
"46965",112,"House",20135,14,19,"PA",200,0,1,"PLATTS, Todd","P000585",1962,NA,0.252,-0.15,-334.14125,0.787,1394,144,NA,0.217,-0.041,19,"PA-19"
"46966",112,"House",20345,14,6,"PA",200,0,1,"GERLACH, Jim","G000549",1955,NA,0.221,-0.107,-355.083,0.779,1421,157,NA,0.209,-0.056,6,"PA-6"
"46967",112,"House",20346,14,18,"PA",200,0,1,"MURPHY, Timothy","M001151",1952,NA,0.258,0.198,-274.78477,0.82484,1427,116,NA,0.356,0.093,18,"PA-18"
"46968",112,"House",20524,14,8,"PA",200,0,1,"FITZPATRICK, Michael G.","F000451",1963,NA,0.202,-0.186,-502.77446,0.702,1423,241,NA,0.253,-0.376,8,"PA-8"
"46969",112,"House",20525,14,13,"PA",100,0,1,"SCHWARTZ, Allyson Y.","S001162",1948,NA,-0.343,-0.008,-194.17973,0.869,1381,74,NA,-0.342,-0.035,13,"PA-13"
"46970",112,"House",20526,14,15,"PA",200,0,1,"DENT, Charles W.","D000604",1960,NA,0.244,-0.085,-363.70595,0.7757,1432,159,NA,0.233,-0.107,15,"PA-15"
"46971",112,"House",20743,14,4,"PA",100,0,1,"ALTMIRE, Jason","A000362",1968,NA,-0.133,0.59,-590.23517,0.661,1424,283,NA,-0.164,0.624,4,"PA-4"
"46972",112,"House",20946,14,5,"PA",200,0,1,"THOMPSON, Glenn","T000467",1959,NA,0.312,0.39,-249.30448,0.83991,1429,92,NA,0.295,0.246,5,"PA-5"
"46973",112,"House",20960,14,12,"PA",100,0,1,"CRITZ, Mark S.","C001081",1962,NA,-0.326,0.945,-402.73264,0.754,1425,162,NA,-0.331,0.839,12,"PA-12"
"46974",112,"House",21167,14,3,"PA",200,0,1,"KELLY, Mike","K000376",1948,NA,0.35,0.444,-162.90098,0.89212,1427,65,NA,0.296,0.475,3,"PA-3"
"46975",112,"House",21168,14,7,"PA",200,0,1,"MEEHAN, Patrick","M001181",1955,NA,0.22,0.076,-314.71284,0.80071,1416,127,NA,0.202,0.069,7,"PA-7"
"46976",112,"House",21170,14,10,"PA",200,0,1,"MARINO, Thomas A.","M001179",1952,NA,0.352,0.477,-145.20387,0.89795,1349,62,NA,0.381,0.543,10,"PA-10"
"46977",112,"House",21171,14,11,"PA",200,0,1,"BARLETTA, Lou","B001269",1956,NA,0.278,0.393,-178.78935,0.8813,1415,63,NA,0.25,0.389,11,"PA-11"
"46978",112,"House",29396,14,17,"PA",100,0,1,"HOLDEN, Thomas Timothy (Tim)","H000712",1957,NA,-0.233,0.608,-440.36568,0.716,1316,202,NA,-0.315,0.8,17,"PA-17"
"46979",112,"House",29559,14,2,"PA",100,0,1,"FATTAH, Chaka","F000043",1956,NA,-0.472,-0.054,-237.67324,0.842,1386,86,NA,-0.409,-0.004,2,"PA-2"
"46980",112,"House",29561,14,14,"PA",100,0,1,"DOYLE, Michael F.","D000482",1953,NA,-0.33,0.112,-273.47904,0.82198,1395,125,NA,-0.462,0.058,14,"PA-14"
"46981",112,"House",29752,14,16,"PA",200,0,1,"PITTS, Joseph R.","P000373",1939,NA,0.538,0.012,-194.67808,0.871,1406,83,NA,0.496,0.027,16,"PA-16"
"46982",112,"House",29777,14,1,"PA",100,0,1,"BRADY, Robert A.","B001227",1945,NA,-0.484,0.225,-189.02506,0.87545,1421,91,NA,-0.534,0.262,1,"PA-1"
"46983",112,"House",20136,5,2,"RI",100,0,1,"LANGEVIN, James","L000559",1964,NA,-0.375,0.109,-190.71901,0.87382,1414,67,NA,-0.385,0.061,2,"RI-2"
"46984",112,"House",21172,5,1,"RI",100,0,1,"CICILLINE, David N.","C001084",1961,NA,-0.391,-0.28,-165.79868,0.88928,1413,62,NA,-0.397,-0.19,1,"RI-1"
"46985",112,"House",20138,48,2,"SC",200,0,1,"WILSON, Addison Graves (Joe)","W000795",1947,NA,0.538,0.107,-148.08901,0.90037,1411,54,NA,0.615,0.098,2,"SC-2"
"46986",112,"House",21173,48,1,"SC",200,0,1,"SCOTT, Tim","S001184",1965,NA,0.638,-0.008,-144.10567,0.90401,1428,57,NA,0.682,-0.006,1,"SC-1"
"46987",112,"House",21174,48,3,"SC",200,0,1,"DUNCAN, Jeff","D000615",1966,NA,0.731,-0.184,-146.20379,0.90255,1426,54,NA,0.738,-0.107,3,"SC-3"
"46988",112,"House",21175,48,4,"SC",200,0,1,"GOWDY, Trey","G000566",1964,NA,0.655,-0.002,-139.97562,0.9065,1426,49,NA,0.696,-0.094,4,"SC-4"
"46989",112,"House",21176,48,5,"SC",200,0,1,"MULVANEY, Mick","M001182",1967,NA,0.75,-0.592,-223.71615,0.8548,1426,109,NA,0.802,-0.506,5,"SC-5"
"46990",112,"House",39301,48,6,"SC",100,0,1,"CLYBURN, James Enos","C000537",1940,NA,-0.464,0.255,-242.10054,0.84047,1393,111,NA,-0.468,0.272,6,"SC-6"
"46991",112,"House",21177,37,1,"SD",200,0,1,"NOEM, Kristi","N000184",1971,NA,0.398,0.326,-178.25584,0.88132,1411,72,NA,0.362,0.301,1,"SD-1"
"46992",112,"House",15019,54,5,"TN",100,0,1,"COOPER, James Hayes Shofner","C000754",1954,NA,-0.163,-0.032,-654.60703,0.63127,1423,276,NA,-0.165,-0.037,5,"TN-5"
"46993",112,"House",15455,54,2,"TN",200,0,1,"DUNCAN, John J., Jr.","D000533",1947,NA,0.604,-0.476,-476.88762,0.71558,1425,185,NA,0.658,-0.753,2,"TN-2"
"46994",112,"House",20351,54,7,"TN",200,0,1,"BLACKBURN, Marsha","B001243",1952,NA,0.618,0.131,-162.22598,0.89218,1422,65,NA,0.642,0.356,7,"TN-7"
"46995",112,"House",20748,54,9,"TN",100,0,1,"COHEN, Stephen","C001068",1949,NA,-0.4,-0.353,-219.42278,0.85387,1389,80,NA,-0.401,-0.455,9,"TN-9"
"46996",112,"House",20947,54,1,"TN",200,0,1,"ROE, David P. (Phil)","R000582",1945,NA,0.486,0.022,-180.79164,0.88124,1430,72,NA,0.476,0.102,1,"TN-1"
"46997",112,"House",21178,54,3,"TN",200,0,1,"FLEISCHMANN, Chuck","F000459",1962,NA,0.455,0.308,-146.42223,0.9015,1412,66,NA,0.488,0.345,3,"TN-3"
"46998",112,"House",21179,54,4,"TN",200,0,1,"DESJARLAIS, Scott","D000616",1964,NA,0.581,-0.082,-219.91228,0.85736,1429,103,NA,0.507,0.156,4,"TN-4"
"46999",112,"House",21180,54,6,"TN",200,0,1,"BLACK, Diane","B001273",1951,NA,0.58,0.219,-145.21298,0.90154,1401,61,NA,0.57,0.236,6,"TN-6"
"47000",112,"House",21181,54,8,"TN",200,0,1,"FINCHER, Stephen Lee","F000458",1973,NA,0.526,0.181,-184.60118,0.878,1419,86,NA,0.521,0.057,8,"TN-8"
"47001",112,"House",14290,49,14,"TX",200,0,1,"PAUL, Ronald Ernest","P000583",1935,NA,0.863,-0.505,-441.01564,0.628,949,192,NA,0.648,-0.762,14,"TX-14"
"47002",112,"House",15085,49,6,"TX",200,0,1,"BARTON, Joe Linus","B000213",1949,NA,0.528,0.047,-308.28491,0.7998,1380,113,NA,0.474,-0.11,6,"TX-6"
"47003",112,"House",15445,49,21,"TX",200,0,1,"SMITH, Lamar Seeligson","S000583",1947,NA,0.425,0.061,-158.4375,0.89435,1419,51,NA,0.396,0.462,21,"TX-21"
"47004",112,"House",20139,49,7,"TX",200,0,1,"CULBERSON, John","C001048",1956,NA,0.503,0.366,-154.19281,0.88904,1311,62,NA,0.529,0.395,7,"TX-7"
"47005",112,"House",20352,49,5,"TX",200,0,1,"HENSARLING, Jeb","H001036",1957,NA,0.703,0.04,-136.39465,0.90915,1432,56,NA,0.669,0.095,5,"TX-5"
"47006",112,"House",20353,49,19,"TX",200,0,1,"NEUGEBAUER, Randy","N000182",1949,NA,0.628,0.322,-136.75572,0.908,1420,59,NA,0.685,0.293,19,"TX-19"
"47007",112,"House",20355,49,26,"TX",200,0,1,"BURGESS, Michael C.","B001248",1950,NA,0.576,-0.211,-306.91523,0.80464,1412,131,NA,0.636,-0.378,26,"TX-26"
"47008",112,"House",20356,49,31,"TX",200,0,1,"CARTER, John R.","C001051",1941,NA,0.471,0.604,-169.11509,0.88712,1412,74,NA,0.389,0.688,31,"TX-31"
"47009",112,"House",20527,49,1,"TX",200,0,1,"GOHMERT, Louie","G000552",1953,NA,0.625,-0.334,-277.92782,0.80897,1311,103,NA,0.612,-0.321,1,"TX-1"
"47010",112,"House",20528,49,2,"TX",200,0,1,"POE, Ted","P000592",1948,NA,0.594,-0.029,-267.80561,0.8269,1409,121,NA,0.623,-0.203,2,"TX-2"
"47011",112,"House",20529,49,9,"TX",100,0,1,"GREEN, Al","G000553",1947,NA,-0.438,0.31,-319.65403,0.79818,1418,135,NA,-0.412,0.408,9,"TX-9"
"47012",112,"House",20530,49,10,"TX",200,0,1,"McCAUL, Michael T.","M001157",1962,NA,0.433,0.088,-176.4125,0.88294,1417,57,NA,0.44,0.217,10,"TX-10"
"47013",112,"House",20531,49,11,"TX",200,0,1,"CONAWAY, K. Michael","C001062",1948,NA,0.591,0.372,-140.59165,0.90661,1434,59,NA,0.661,0.613,11,"TX-11"
"47014",112,"House",20532,49,24,"TX",200,0,1,"MARCHANT, Kenny","M001158",1951,NA,0.6,0.153,-208.90822,0.85828,1367,83,NA,0.597,0.104,24,"TX-24"
"47015",112,"House",20533,49,28,"TX",100,0,1,"CUELLAR, Henry","C001063",1955,NA,-0.228,0.62,-505.6868,0.70161,1427,232,NA,-0.226,0.541,28,"TX-28"
"47016",112,"House",20948,49,22,"TX",200,0,1,"OLSON, Pete","O000168",1962,NA,0.549,0.309,-137.74459,0.90755,1420,53,NA,0.505,0.549,22,"TX-22"
"47017",112,"House",21182,49,17,"TX",200,0,1,"FLORES, Bill","F000461",1954,NA,0.573,0.287,-147.48905,0.89974,1396,58,NA,0.604,0.325,17,"TX-17"
"47018",112,"House",21183,49,23,"TX",200,0,1,"CANSECO, Francisco (Quico)","C001082",1949,NA,0.571,0.522,-144.84,0.903,1418,52,NA,0.562,0.418,23,"TX-23"
"47019",112,"House",21184,49,27,"TX",200,0,1,"FARENTHOLD, Blake","F000460",1961,NA,0.548,0.016,-206.10498,0.86534,1425,82,NA,0.529,0.118,27,"TX-27"
"47020",112,"House",29143,49,3,"TX",200,0,1,"JOHNSON, Sam","J000174",1930,NA,0.61,0.277,-148.40438,0.89662,1360,55,NA,0.552,0.378,3,"TX-3"
"47021",112,"House",29571,49,25,"TX",100,0,1,"DOGGETT, Lloyd Alton, II","D000399",1946,NA,-0.402,-0.314,-249.82205,0.83636,1398,104,NA,-0.358,-0.243,25,"TX-25"
"47022",112,"House",29572,49,13,"TX",200,0,1,"THORNBERRY, William McClellan (Mac)","T000238",1958,NA,0.525,0.311,-149.31566,0.90105,1433,51,NA,0.553,0.664,13,"TX-13"
"47023",112,"House",29573,49,18,"TX",100,0,1,"JACKSON LEE, Sheila","J000032",1950,NA,-0.46,0.128,-287.76476,0.80088,1296,117,NA,-0.489,0.319,18,"TX-18"
"47024",112,"House",29759,49,32,"TX",200,0,1,"SESSIONS, Pete","S000250",1955,NA,0.585,0.174,-135.69096,0.90813,1408,52,NA,0.619,0.218,32,"TX-32"
"47025",112,"House",29760,49,8,"TX",200,0,1,"BRADY, Kevin Patrick","B000755",1955,NA,0.524,0.218,-173.94405,0.88277,1395,72,NA,0.607,0.169,8,"TX-8"
"47026",112,"House",29762,49,12,"TX",200,0,1,"GRANGER, Kay","G000377",1943,NA,0.397,0.242,-193.4711,0.86919,1380,79,NA,0.341,0.586,12,"TX-12"
"47027",112,"House",29763,49,15,"TX",100,0,1,"HINOJOSA, Rubén","H000636",1940,NA,-0.34,0.235,-342.7228,0.769,1304,145,NA,-0.367,0.237,15,"TX-15"
"47028",112,"House",29764,49,16,"TX",100,0,1,"REYES, Silvestre","R000170",1944,NA,-0.321,0.304,-294.79203,0.802,1339,120,NA,-0.36,0.237,16,"TX-16"
"47029",112,"House",29943,49,20,"TX",100,0,1,"GONZALEZ, Charles A.","G000544",1945,NA,-0.347,0.262,-351.86954,0.774,1376,158,NA,-0.357,0.37,20,"TX-20"
"47030",112,"House",39304,49,29,"TX",100,0,1,"GREEN, Raymond Eugene (Gene)","G000410",1947,NA,-0.324,0.453,-629.35889,0.6373,1397,282,NA,-0.276,0.441,29,"TX-29"
"47031",112,"House",39305,49,30,"TX",100,0,1,"JOHNSON, Eddie Bernice","J000126",1935,NA,-0.485,0.203,-256.71903,0.82935,1372,113,NA,-0.472,0.168,30,"TX-30"
"47032",112,"House",94828,49,4,"TX",200,0,1,"HALL, Ralph Moody","H000067",1923,NA,0.424,0.308,-198.7291,0.869,1410,89,NA,0.479,0.2,4,"TX-4"
"47033",112,"House",20140,67,2,"UT",100,0,1,"MATHESON, James David (Jim)","M001142",1960,NA,-0.115,0.546,-764.12574,0.586,1428,319,NA,-0.046,0.405,2,"UT-2"
"47034",112,"House",20357,67,1,"UT",200,0,1,"BISHOP, Robert (Rob)","B001250",1951,NA,0.536,0.105,-242.96488,0.83727,1368,91,NA,0.562,-0.035,1,"UT-1"
"47035",112,"House",20949,67,3,"UT",200,0,1,"CHAFFETZ, Jason","C001076",1967,NA,0.647,-0.278,-209.6872,0.8595,1385,90,NA,0.664,-0.318,3,"UT-3"
"47036",112,"House",20750,6,1,"VT",100,0,1,"WELCH, Peter","W000800",1947,NA,-0.409,-0.351,-249.32369,0.8375,1406,82,NA,-0.37,-0.247,1,"VT-1"
"47037",112,"House",14869,40,10,"VA",200,0,1,"WOLF, Frank Rudolph","W000672",1939,NA,0.284,-0.213,-354.54694,0.78,1425,147,NA,0.254,-0.042,10,"VA-10"
"47038",112,"House",20143,40,4,"VA",200,0,1,"FORBES, J. Randy","F000445",1952,NA,0.407,0.218,-212.22197,0.861,1421,75,NA,0.382,0.182,4,"VA-4"
"47039",112,"House",20144,40,7,"VA",200,0,1,"CANTOR, Eric","C001046",1963,NA,0.518,0.191,-148.34606,0.893,1315,56,NA,0.482,0.278,7,"VA-7"
"47040",112,"House",20756,40,1,"VA",200,0,1,"WITTMAN, Robert J.","W000804",1959,NA,0.445,-0.019,-270.02022,0.82583,1411,94,NA,0.355,0.006,1,"VA-1"
"47041",112,"House",20952,40,11,"VA",100,0,1,"CONNOLLY, Gerald E. (Gerry)","C001078",1950,NA,-0.306,-0.014,-291.96721,0.81497,1427,106,NA,-0.278,-0.06,11,"VA-11"
"47042",112,"House",21185,40,2,"VA",200,0,1,"RIGELL, E. Scott","R000589",1960,NA,0.405,-0.084,-295.20361,0.813,1429,112,NA,0.441,-0.195,2,"VA-2"
"47043",112,"House",21186,40,5,"VA",200,0,1,"HURT, Robert","H001060",1969,NA,0.568,0,-184.11733,0.878,1413,75,NA,0.569,-0.03,5,"VA-5"
"47044",112,"House",21191,40,9,"VA",200,0,1,"GRIFFITH, H. Morgan","G000568",1958,NA,0.552,-0.438,-327.74855,0.79272,1411,139,NA,0.512,-0.349,9,"VA-9"
"47045",112,"House",29149,40,8,"VA",100,0,1,"MORAN, James P.","M000933",1945,NA,-0.302,-0.203,-260.57577,0.831,1409,103,NA,-0.356,-0.2,8,"VA-8"
"47046",112,"House",39307,40,3,"VA",100,0,1,"SCOTT, Robert C.","S000185",1947,NA,-0.45,0.015,-242.45649,0.84324,1422,97,NA,-0.398,-0.045,3,"VA-3"
"47047",112,"House",39308,40,6,"VA",200,0,1,"GOODLATTE, Robert William","G000289",1952,NA,0.496,-0.002,-244.86293,0.84181,1422,100,NA,0.56,-0.216,6,"VA-6"
"47048",112,"House",14413,73,6,"WA",100,0,1,"DICKS, Norman DeValois","D000327",1940,NA,-0.312,0.11,-238.41441,0.841,1377,85,NA,-0.35,0.108,6,"WA-6"
"47049",112,"House",15613,73,7,"WA",100,0,1,"McDERMOTT, James A.","M000404",1936,NA,-0.666,-0.197,-182.0588,0.878,1404,79,NA,-0.626,-0.147,7,"WA-7"
"47050",112,"House",20145,73,2,"WA",100,0,1,"LARSEN, Richard Ray (Rick)","L000560",1965,NA,-0.364,0.19,-319.44589,0.79855,1420,151,NA,-0.316,0.107,2,"WA-2"
"47051",112,"House",20535,73,5,"WA",200,0,1,"McMORRIS RODGERS, Cathy","M001159",1969,NA,0.426,0.112,-164.99684,0.88979,1413,63,NA,0.457,0.128,5,"WA-5"
"47052",112,"House",20536,73,8,"WA",200,0,1,"REICHERT, David G.","R000578",1950,NA,0.224,-0.146,-411.26343,0.73706,1348,179,NA,0.222,-0.283,8,"WA-8"
"47053",112,"House",21187,73,3,"WA",200,0,1,"HERRERA BEUTLER, Jaime","H001056",1978,NA,0.357,-0.192,-321.7949,0.79761,1423,140,NA,0.395,-0.264,3,"WA-3"
"47054",112,"House",29580,73,4,"WA",200,0,1,"HASTINGS, Richard Norman (Doc)","H000329",1941,NA,0.416,0.411,-158.72363,0.889,1350,72,NA,0.362,0.644,4,"WA-4"
"47055",112,"House",29768,73,9,"WA",100,0,1,"SMITH, Adam","S000510",1965,NA,-0.284,-0.161,-321.32584,0.79254,1382,128,NA,-0.287,-0.016,9,"WA-9"
"47056",112,"House",29937,73,1,"WA",100,1,1,"INSLEE, Jay Robert","I000026",1951,NA,-0.33,-0.194,-207.12559,0.804,947,82,NA,-0.291,-0.189,1,"WA-1"
"47057",112,"House",31101,73,1,"WA",100,2,2,"DelBENE, Suzan K.","D000617",1962,NA,-0.281,-0.229,-3.28154,0.89301,29,0,NA,-0.304,0.013,1,"WA-1"
"47058",112,"House",14448,56,3,"WV",100,0,1,"RAHALL, Nick Joe, II","R000011",1949,NA,-0.306,0.45,-615.44702,0.648,1421,285,NA,-0.272,0.498,3,"WV-3"
"47059",112,"House",20146,56,2,"WV",200,0,1,"CAPITO, Shelley Moore","C001047",1953,NA,0.263,0.059,-177.70744,0.88283,1426,54,NA,0.251,0.213,2,"WV-2"
"47060",112,"House",21188,56,1,"WV",200,0,1,"McKINLEY, David","M001180",1947,NA,0.301,0.191,-275.81959,0.82369,1422,119,NA,0.254,0.18,1,"WV-1"
"47061",112,"House",14657,25,5,"WI",200,0,1,"SENSENBRENNER, Frank James, Jr.","S000244",1943,NA,0.638,-0.58,-251.9008,0.83787,1424,111,NA,0.689,-0.599,5,"WI-5"
"47062",112,"House",14675,25,6,"WI",200,0,1,"PETRI, Thomas Evert","P000265",1940,NA,0.379,-0.367,-375.91314,0.769,1429,163,NA,0.549,-0.624,6,"WI-6"
"47063",112,"House",20537,25,4,"WI",100,0,1,"MOORE, Gwendolynne S. (Gwen)","M001160",1951,NA,-0.528,-0.249,-179.29241,0.8745,1337,84,NA,-0.562,-0.094,4,"WI-4"
"47064",112,"House",21189,25,7,"WI",200,0,1,"DUFFY, Sean","D000614",1971,NA,0.511,-0.109,-246.31061,0.84013,1414,125,NA,0.49,-0.262,7,"WI-7"
"47065",112,"House",21190,25,8,"WI",200,0,1,"RIBBLE, Reid","R000587",1956,NA,0.603,-0.333,-255.06027,0.835,1412,115,NA,0.598,-0.321,8,"WI-8"
"47066",112,"House",29769,25,3,"WI",100,0,1,"KIND, Ron","K000188",1963,NA,-0.262,-0.08,-418.75635,0.74242,1406,180,NA,-0.239,-0.065,3,"WI-3"
"47067",112,"House",29939,25,1,"WI",200,0,1,"RYAN, Paul D.","R000570",1970,NA,0.556,-0.25,-198.04502,0.86756,1394,75,NA,0.547,-0.186,1,"WI-1"
"47068",112,"House",29940,25,2,"WI",100,0,1,"BALDWIN, Tammy","B001230",1962,NA,-0.493,-0.14,-169.16895,0.88541,1390,83,NA,-0.475,-0.312,2,"WI-2"
"47069",112,"House",20953,68,1,"WY",200,0,1,"LUMMIS, Cynthia M.","L000571",1954,NA,0.675,-0.357,-281.4463,0.817,1395,116,NA,0.623,-0.333,1,"WY-1"
